date,n_obs_to_n_assets_ratio,low_sample_warning,ill_conditioned_warning,covariance_method,covariance_annualized,covariance_trading_days,covariance_fallback_used,covariance_fallback_method,covariance_failure_note,covariance_min_eigenvalue,covariance_max_eigenvalue,covariance_condition_number,covariance_point_in_time,covariance_psd_repaired,covariance_jitter_added,covariance_min_eigenvalue_before_repair,covariance_eigenvalue_floor,covariance_relative_floor,covariance_psd_notes,covariance_shrinkage,covariance_observations,covariance_assets,covariance_ewma_halflife
2018-01-05,4.944444444444445,False,False,ledoit_wolf,True,252,False,,,0.0023615137908264,0.1016601505516054,43.04872194543834,True,False,0.0,0.0023615137908264,1.0166015055160535e-07,1e-06,symmetrized,0.1335531871200281,89,18,
2018-01-12,5.222222222222222,False,False,ledoit_wolf,True,252,False,,,0.0022511646179414,0.0973505509056724,43.24452780121111,True,False,0.0,0.0022511646179414,9.735055090567243e-08,1e-06,symmetrized,0.1311157030094916,94,18,
2018-01-19,5.5,False,False,ledoit_wolf,True,252,False,,,0.0020984109329596,0.1018122574560664,48.51874142328605,True,False,0.0,0.0020984109329596,1.0181225745606659e-07,1e-06,symmetrized,0.1196138456237311,99,18,
2018-01-26,5.777777777777778,False,False,ledoit_wolf,True,252,False,,,0.0020307846845543,0.1037303414179426,51.07894608763265,True,False,0.0,0.0020307846845543,1.0373034141794269e-07,1e-06,symmetrized,0.111948810520236,104,18,
2018-02-02,6.055555555555555,False,False,ledoit_wolf,True,252,False,,,0.0018498629837608,0.1181346439600613,63.86129405102762,True,False,0.0,0.0018498629837608,1.181346439600615e-07,1e-06,symmetrized,0.0961554721316956,109,18,
2018-02-09,6.333333333333333,False,False,ledoit_wolf,True,252,False,,,0.0043629067684379,0.1494222540078384,34.24832615924471,True,False,0.0,0.0043629067684378,1.4942225400783854e-07,1e-06,symmetrized,0.1859219896836672,114,18,
2018-02-14,6.5,False,False,ledoit_wolf,True,252,False,,,0.0042041121495521,0.1938718167252803,46.11480612997783,True,False,0.0,0.0042041121495521,1.9387181672528009e-07,1e-06,symmetrized,0.1585694984063616,117,18,
2018-02-23,6.611111111111111,False,False,ledoit_wolf,True,252,False,,,0.0040440278829727,0.1989782720489264,49.20299211751743,True,False,0.0,0.0040440278829726,1.9897827204892645e-07,1e-06,symmetrized,0.1514375646865986,119,18,
2018-03-02,6.888888888888889,False,False,ledoit_wolf,True,252,False,,,0.0038217240031992,0.2030095947979464,53.11989945584829,True,False,0.0,0.0038217240031992,2.030095947979464e-07,1e-06,symmetrized,0.1412509026210595,124,18,
2018-03-09,7.166666666666667,False,False,ledoit_wolf,True,252,False,,,0.0035924564587884,0.2024210769062374,56.34614621731709,True,False,0.0,0.0035924564587883,2.024210769062373e-07,1e-06,symmetrized,0.1342362935829431,129,18,
2018-03-16,7.444444444444445,False,False,ledoit_wolf,True,252,False,,,0.003305056267255,0.2065842752466018,62.50552442732822,True,False,0.0,0.0033050562672549,2.0658427524660209e-07,1e-06,symmetrized,0.1239424527258038,134,18,
2018-03-23,7.722222222222222,False,False,ledoit_wolf,True,252,False,,,0.0031891841194698,0.201526320759538,63.19055696070491,True,False,0.0,0.0031891841194698,2.015263207595378e-07,1e-06,symmetrized,0.1214337631129579,139,18,
2018-03-30,8.0,False,False,ledoit_wolf,True,252,False,,,0.0029118279603253,0.2377283833119567,81.64231766130558,True,False,0.0,0.0029118279603254,2.377283833119567e-07,1e-06,symmetrized,0.1014702184027723,144,18,
2018-04-04,8.166666666666666,False,False,ledoit_wolf,True,252,False,,,0.0028361874864265,0.236942278583239,83.54253014555741,True,False,0.0,0.0028361874864264,2.369422785832389e-07,1e-06,symmetrized,0.0990547236694014,147,18,
2018-04-13,8.444444444444445,False,False,ledoit_wolf,True,252,False,,,0.0027826155622644,0.2311118688443693,83.05562291051467,True,False,0.0,0.0027826155622644,2.311118688443693e-07,1e-06,symmetrized,0.0982805679548201,152,18,
2018-04-20,8.722222222222221,False,False,ledoit_wolf,True,252,False,,,0.0026707904145411,0.2305783170395396,86.33336250727743,True,False,0.0,0.0026707904145411,2.305783170395395e-07,1e-06,symmetrized,0.0943126673054217,157,18,
2018-04-27,9.0,False,False,ledoit_wolf,True,252,False,,,0.0024325842271691,0.2402340296674895,98.75671599953505,True,False,0.0,0.0024325842271691,2.402340296674895e-07,1e-06,symmetrized,0.0842928877829871,162,18,
2018-05-04,9.166666666666666,False,False,ledoit_wolf,True,252,False,,,0.00240437971893,0.2375172708108667,98.78525797770496,True,False,0.0,0.00240437971893,2.3751727081086654e-07,1e-06,symmetrized,0.0838870665663216,165,18,
2018-05-11,9.444444444444445,False,False,ledoit_wolf,True,252,False,,,0.0023137329760747,0.2366363079674725,102.27468355874076,True,False,0.0,0.0023137329760748,2.366363079674727e-07,1e-06,symmetrized,0.0813033742236605,170,18,
2018-05-18,9.72222222222222,False,False,ledoit_wolf,True,252,False,,,0.002245345893596,0.23172003567236,103.20015118082632,True,False,0.0,0.002245345893596,2.3172003567235978e-07,1e-06,symmetrized,0.0801862836461082,175,18,
2018-05-25,10.0,False,False,ledoit_wolf,True,252,False,,,0.002146082547012,0.2308715208062275,107.57811768595336,True,False,0.0,0.002146082547012,2.3087152080622762e-07,1e-06,symmetrized,0.0771699587984475,180,18,
2018-06-01,10.27777777777778,False,False,ledoit_wolf,True,252,False,,,0.0020319028042804,0.2360100371502951,116.15222768191158,True,False,0.0,0.0020319028042804,2.3601003715029505e-07,1e-06,symmetrized,0.0717697366178341,185,18,
2018-06-08,10.555555555555555,False,False,ledoit_wolf,True,252,False,,,0.0019755535891252,0.2323890614290518,117.63237540518968,True,False,0.0,0.0019755535891252,2.3238906142905198e-07,1e-06,symmetrized,0.0706685681230357,190,18,
2018-06-15,10.833333333333334,False,False,ledoit_wolf,True,252,False,,,0.0018789195690908,0.2322830255912199,123.62584828663606,True,False,0.0,0.0018789195690909,2.3228302559122e-07,1e-06,symmetrized,0.0675803770765633,195,18,
2018-06-22,11.055555555555555,False,False,ledoit_wolf,True,252,False,,,0.0020330736489995,0.2663582999328971,131.01261730679298,True,False,0.0,0.0020330736489994,2.663582999328968e-07,1e-06,symmetrized,0.0676223044657222,199,18,
2018-06-29,11.333333333333334,False,False,ledoit_wolf,True,252,False,,,0.0019893926933257,0.2630313765707213,132.2169209996465,True,False,0.0,0.0019893926933257,2.630313765707209e-07,1e-06,symmetrized,0.0662334190984457,204,18,
2018-07-06,11.61111111111111,False,False,ledoit_wolf,True,252,False,,,0.00183490406478,0.2770852486806362,151.008030337457,True,False,0.0,0.0018349040647801,2.770852486806359e-07,1e-06,symmetrized,0.0595711973969561,209,18,
2018-07-13,11.88888888888889,False,False,ledoit_wolf,True,252,False,,,0.0017087793251292,0.2893333191582076,169.3216408364013,True,False,0.0,0.0017087793251292,2.8933331915820784e-07,1e-06,symmetrized,0.0544138331814994,214,18,
2018-07-20,12.166666666666666,False,False,ledoit_wolf,True,252,False,,,0.0016754911253935,0.283791566726229,169.37813780396417,True,False,0.0,0.0016754911253935,2.837915667262291e-07,1e-06,symmetrized,0.0540549987278358,219,18,
2018-07-27,12.444444444444445,False,False,ledoit_wolf,True,252,False,,,0.0016292704494796,0.2836996732448483,174.12681444965372,True,False,0.0,0.0016292704494796,2.836996732448484e-07,1e-06,symmetrized,0.0525936360987147,224,18,
2018-08-03,12.72222222222222,False,False,ledoit_wolf,True,252,False,,,0.0015369568950229,0.2882470505781729,187.54400433192708,True,False,0.0,0.001536956895023,2.882470505781729e-07,1e-06,symmetrized,0.0492993533760643,229,18,
2018-08-10,13.0,False,False,ledoit_wolf,True,252,False,,,0.0014430016989323,0.2983672385551931,206.76845964627185,True,False,0.0,0.0014430016989323,2.983672385551929e-07,1e-06,symmetrized,0.0454032602341738,234,18,
2018-08-17,13.27777777777778,False,False,ledoit_wolf,True,252,False,,,0.0014033070712068,0.2964706737268545,211.2657163993921,True,False,0.0,0.0014033070712068,2.964706737268543e-07,1e-06,symmetrized,0.0442348713177643,239,18,
2018-08-24,13.555555555555555,False,False,ledoit_wolf,True,252,False,,,0.0013636670292598,0.2946242012810496,216.05288898197105,True,False,0.0,0.0013636670292597,2.946242012810494e-07,1e-06,symmetrized,0.0433022443566473,244,18,
2018-08-31,13.833333333333334,False,False,ledoit_wolf,True,252,False,,,0.0013195106424171,0.2951449314528349,223.6775680051935,True,False,0.0,0.0013195106424171,2.951449314528347e-07,1e-06,symmetrized,0.0420274146650091,249,18,
2018-09-07,14.0,False,False,ledoit_wolf,True,252,False,,,0.0012855034349443,0.2929688808806544,227.90205993757837,True,False,0.0,0.0012855034349443,2.929688808806545e-07,1e-06,symmetrized,0.0412875660510566,252,18,
2018-09-14,14.0,False,False,ledoit_wolf,True,252,False,,,0.0012762588392773,0.2953435816002013,231.4135444244524,True,False,0.0,0.0012762588392773,2.953435816002013e-07,1e-06,symmetrized,0.0406505591720423,252,18,
2018-09-21,14.0,False,False,ledoit_wolf,True,252,False,,,0.0012602191196891,0.2993887621031127,237.56881436377128,True,False,0.0,0.0012602191196891,2.9938876210311265e-07,1e-06,symmetrized,0.0397465250212031,252,18,
2018-09-28,14.0,False,False,ledoit_wolf,True,252,False,,,0.0012458102076614,0.3045349371901182,244.44729648006333,True,False,0.0,0.0012458102076614,3.045349371901184e-07,1e-06,symmetrized,0.0387698549205081,252,18,
2018-10-12,14.0,False,False,ledoit_wolf,True,252,False,,,0.001599600932645,0.3561162103332231,222.6281587272927,True,False,0.0,0.001599600932645,3.561162103332231e-07,1e-06,symmetrized,0.045155201831053,252,18,
2018-10-19,14.0,False,False,ledoit_wolf,True,252,False,,,0.0015545898582956,0.3643408271030207,234.3645979412531,True,False,0.0,0.0015545898582957,3.643408271030207e-07,1e-06,symmetrized,0.0431942828351642,252,18,
2018-10-26,14.0,False,False,ledoit_wolf,True,252,False,,,0.0016538057121622,0.3964485939371146,239.7189651853316,True,False,0.0,0.0016538057121621,3.964485939371148e-07,1e-06,symmetrized,0.0428917677058998,252,18,
2018-11-02,14.0,False,False,ledoit_wolf,True,252,False,,,0.0016608466826712,0.4041075572499918,243.3141851480474,True,False,0.0,0.0016608466826712,4.041075572499919e-07,1e-06,symmetrized,0.0420404055632168,252,18,
2018-11-09,14.0,False,False,ledoit_wolf,True,252,False,,,0.0016359528721195,0.4173365123776014,255.1030164071309,True,False,0.0,0.0016359528721195,4.173365123776016e-07,1e-06,symmetrized,0.0405283232024199,252,18,
2018-11-16,14.0,False,False,ledoit_wolf,True,252,False,,,0.0016209463623054,0.4234941113079081,261.2634946819441,True,False,0.0,0.0016209463623054,4.234941113079082e-07,1e-06,symmetrized,0.0396077485318704,252,18,
2018-11-23,14.0,False,False,ledoit_wolf,True,252,False,,,0.0015986578444699,0.426971281579444,267.0810912143756,True,False,0.0,0.0015986578444699,4.269712815794441e-07,1e-06,symmetrized,0.0389265698452263,252,18,
2018-11-30,14.0,False,False,ledoit_wolf,True,252,False,,,0.0015520305951745,0.436120240803912,280.9997703394844,True,False,0.0,0.0015520305951745,4.36120240803912e-07,1e-06,symmetrized,0.0375479653588485,252,18,
2018-12-07,14.0,False,False,ledoit_wolf,True,252,False,,,0.0015206994812554,0.4453792319424335,292.87787457830166,True,False,0.0,0.0015206994812554,4.453792319424334e-07,1e-06,symmetrized,0.0363838197750682,252,18,
2018-12-14,14.0,False,False,ledoit_wolf,True,252,False,,,0.0015195339958748,0.446912907136703,294.11181872202144,True,False,0.0,0.0015195339958749,4.469129071367031e-07,1e-06,symmetrized,0.0362005320168517,252,18,
2018-12-21,14.0,False,False,ledoit_wolf,True,252,False,,,0.0014891076261401,0.4515072828174966,303.2066150838382,True,False,0.0,0.0014891076261401,4.515072828174969e-07,1e-06,symmetrized,0.0353139923357774,252,18,
2018-12-28,14.0,False,False,ledoit_wolf,True,252,False,,,0.0015137699899039,0.4507029475509841,297.7354225258359,True,False,0.0,0.0015137699899039,4.507029475509842e-07,1e-06,symmetrized,0.0354882255791114,252,18,
2019-01-04,14.0,False,False,ledoit_wolf,True,252,False,,,0.0015237801739763,0.4507469955645669,295.80841335423264,True,False,0.0,0.0015237801739763,4.507469955645666e-07,1e-06,symmetrized,0.0355530565267169,252,18,
2019-01-11,14.0,False,False,ledoit_wolf,True,252,False,,,0.0015222818584204,0.4613833060619902,303.0866481853384,True,False,0.0,0.0015222818584203,4.613833060619902e-07,1e-06,symmetrized,0.034747190168586,252,18,
2019-01-18,14.0,False,False,ledoit_wolf,True,252,False,,,0.0015028403895055,0.4644638440640068,309.0573339041083,True,False,0.0,0.0015028403895055,4.644638440640071e-07,1e-06,symmetrized,0.0342772802256741,252,18,
2019-01-25,14.0,False,False,ledoit_wolf,True,252,False,,,0.0014818621009013,0.4692556428585339,316.6662016479875,True,False,0.0,0.0014818621009013,4.692556428585342e-07,1e-06,symmetrized,0.033603866679698,252,18,
2019-02-01,14.0,False,False,ledoit_wolf,True,252,False,,,0.0014825229349061,0.4676166805562568,315.41952542262817,True,False,0.0,0.0014825229349061,4.6761668055625683e-07,1e-06,symmetrized,0.0337771283862477,252,18,
2019-02-15,14.0,False,False,ledoit_wolf,True,252,False,,,0.0014589249500915,0.4770766807261825,327.0056356882711,True,False,0.0,0.0014589249500915,4.770766807261826e-07,1e-06,symmetrized,0.0328616545872302,252,18,
2019-02-22,14.0,False,False,ledoit_wolf,True,252,False,,,0.0014580376495521,0.4854198389713313,332.9268205937122,True,False,0.0,0.0014580376495521,4.854198389713317e-07,1e-06,symmetrized,0.0326585379060363,252,18,
2019-03-01,14.0,False,False,ledoit_wolf,True,252,False,,,0.0015005194346036,0.499783792582941,333.0738549980477,True,False,0.0,0.0015005194346036,4.997837925829408e-07,1e-06,symmetrized,0.0330638065131107,252,18,
2019-03-08,14.0,False,False,ledoit_wolf,True,252,False,,,0.0015006320518003,0.4819665635356674,321.1757092336118,True,False,0.0,0.0015006320518003,4.819665635356675e-07,1e-06,symmetrized,0.0337926439092098,252,18,
2019-03-15,14.0,False,False,ledoit_wolf,True,252,False,,,0.0014685391383368,0.505903760423596,344.49457097653664,True,False,0.0,0.0014685391383368,5.059037604235959e-07,1e-06,symmetrized,0.0319732581771187,252,18,
2019-03-22,14.0,False,False,ledoit_wolf,True,252,False,,,0.0014688673922189,0.5115909761712563,348.28942277656654,True,False,0.0,0.0014688673922189,5.11590976171256e-07,1e-06,symmetrized,0.0316546584636334,252,18,
2019-03-29,14.0,False,False,ledoit_wolf,True,252,False,,,0.0014892143333996,0.5141145805010816,345.22537755020227,True,False,0.0,0.0014892143333997,5.141145805010811e-07,1e-06,symmetrized,0.0316647160172004,252,18,
2019-04-04,14.0,False,False,ledoit_wolf,True,252,False,,,0.0014612102208391,0.5406823153332874,370.023633576006,True,False,0.0,0.0014612102208391,5.406823153332867e-07,1e-06,symmetrized,0.0300070049704936,252,18,
2019-04-12,14.0,False,False,ledoit_wolf,True,252,False,,,0.0014744170746142,0.52170181708648,353.8359844503208,True,False,0.0,0.0014744170746141,5.217018170864798e-07,1e-06,symmetrized,0.0310902095260731,252,18,
2019-04-19,14.0,False,False,ledoit_wolf,True,252,False,,,0.0014630880076345,0.5231178266783648,357.54365010762393,True,False,0.0,0.0014630880076345,5.231178266783647e-07,1e-06,symmetrized,0.0309246116016991,252,18,
2019-04-26,14.0,False,False,ledoit_wolf,True,252,False,,,0.0014362091052688,0.5324970738132643,370.765699688,True,False,0.0,0.0014362091052687,5.324970738132639e-07,1e-06,symmetrized,0.0300112623220783,252,18,
2019-04-30,14.0,False,False,ledoit_wolf,True,252,False,,,0.0014361055788488,0.5340930438362532,371.90374558977953,True,False,0.0,0.0014361055788487,5.340930438362536e-07,1e-06,symmetrized,0.0299128702651716,252,18,
2019-05-10,14.0,False,False,ledoit_wolf,True,252,False,,,0.0016133839354868,0.5709729510392387,353.89775395707727,True,False,0.0,0.0016133839354868,5.709729510392382e-07,1e-06,symmetrized,0.0321952316673718,252,18,
2019-05-17,14.0,False,False,ledoit_wolf,True,252,False,,,0.0015767707500423,0.586486948430559,371.9544825490904,True,False,0.0,0.0015767707500423,5.864869484305587e-07,1e-06,symmetrized,0.0309633332791643,252,18,
2019-05-24,14.0,False,False,ledoit_wolf,True,252,False,,,0.0015609041661393,0.5928621322039086,379.81968724591655,True,False,0.0,0.0015609041661393,5.928621322039083e-07,1e-06,symmetrized,0.0303625277077972,252,18,
2019-05-31,14.0,False,False,ledoit_wolf,True,252,False,,,0.0015484594883854,0.5969274484955521,385.497620682328,True,False,0.0,0.0015484594883854,5.969274484955524e-07,1e-06,symmetrized,0.0299728546512792,252,18,
2019-06-06,14.0,False,False,ledoit_wolf,True,252,False,,,0.0015516342714003,0.5957025724587771,383.91944766800697,True,False,0.0,0.0015516342714003,5.957025724587774e-07,1e-06,symmetrized,0.0300609665450196,252,18,
2019-06-14,14.0,False,False,ledoit_wolf,True,252,False,,,0.0015305273070399,0.6068940572849624,396.5261217447367,True,False,0.0,0.0015305273070399,6.068940572849622e-07,1e-06,symmetrized,0.0293284649130888,252,18,
2019-06-21,14.0,False,False,ledoit_wolf,True,252,False,,,0.001514879921949,0.6126627114130355,404.429884201513,True,False,0.0,0.001514879921949,6.126627114130352e-07,1e-06,symmetrized,0.0288819569056095,252,18,
2019-06-28,3.3684210526315788,False,False,ledoit_wolf,True,252,False,,,0.0054642922784366,0.6208686160908601,113.62287821625992,True,False,0.0,0.0054642922784365,6.208686160908602e-07,1e-06,symmetrized,0.1077410763269746,64,19,
2019-07-05,3.631578947368421,False,False,ledoit_wolf,True,252,False,,,0.0050641521843788,0.612396605230334,120.92776499082456,True,False,0.0,0.0050641521843788,6.123966052303337e-07,1e-06,symmetrized,0.100840717702881,69,19,
2019-07-12,3.8947368421052633,False,False,ledoit_wolf,True,252,False,,,0.0046400808406044,0.5933428361486709,127.87338335928143,True,False,0.0,0.0046400808406044,5.933428361486711e-07,1e-06,symmetrized,0.0956462374448478,74,19,
2019-07-19,4.157894736842105,False,False,ledoit_wolf,True,252,False,,,0.0043510120579471,0.5653735920839009,129.94070909347292,True,False,0.0,0.0043510120579472,5.653735920839011e-07,1e-06,symmetrized,0.093735882590177,79,19,
2019-07-26,4.421052631578948,False,False,ledoit_wolf,True,252,False,,,0.0040401592219187,0.5468990918853973,135.36572739964194,True,False,0.0,0.0040401592219186,5.468990918853975e-07,1e-06,symmetrized,0.090182865873042,84,19,
2019-08-02,4.684210526315789,False,False,ledoit_wolf,True,252,False,,,0.0038872755168986,0.5185918312499732,133.40753157206578,True,False,0.0,0.0038872755168985,5.185918312499732e-07,1e-06,symmetrized,0.0901862368203113,89,19,
2019-08-09,4.947368421052632,False,False,ledoit_wolf,True,252,False,,,0.003603979739793,0.5155350227262198,143.04603797684553,True,False,0.0,0.0036039797397931,5.155350227262194e-07,1e-06,symmetrized,0.0836746652591535,94,19,
2019-08-16,5.2105263157894735,False,False,ledoit_wolf,True,252,False,,,0.003466665079328,0.5021759046377976,144.85850035883166,True,False,0.0,0.0034666650793281,5.021759046377974e-07,1e-06,symmetrized,0.0810703399057925,99,19,
2019-08-23,5.473684210526316,False,False,ledoit_wolf,True,252,False,,,0.0032420877254788,0.5065764562406235,156.25007684386745,True,False,0.0,0.0032420877254788,5.065764562406239e-07,1e-06,symmetrized,0.0761896467270277,104,19,
2019-08-30,5.7368421052631575,False,False,ledoit_wolf,True,252,False,,,0.0031140919187702,0.49350780145358,158.47566941712893,True,False,0.0,0.0031140919187702,4.935078014535802e-07,1e-06,symmetrized,0.0743223057374809,109,19,
2019-09-06,3.05,False,False,ledoit_wolf,True,252,False,,,0.002823924426209,0.3470315964916104,122.88983135341076,True,False,0.0,0.002823924426209,3.470315964916108e-07,1e-06,symmetrized,0.0883233521594721,61,20,
2019-09-12,3.25,False,False,ledoit_wolf,True,252,False,,,0.002867322330725,0.3425186029936393,119.45591164388736,True,False,0.0,0.002867322330725,3.425186029936392e-07,1e-06,symmetrized,0.086169340441805,65,20,
2019-09-20,2.9047619047619047,True,False,ledoit_wolf,True,252,False,,,0.0032904033532054,0.3331831556011024,101.2590615301078,True,False,0.0,0.0032904033532053,3.331831556011024e-07,1e-06,symmetrized,0.0994342117516346,61,21,
2019-09-27,3.142857142857143,False,False,ledoit_wolf,True,252,False,,,0.0031096782587615,0.3442336445334996,110.6975114109054,True,False,0.0,0.0031096782587615,3.442336445334998e-07,1e-06,symmetrized,0.0916592593079536,66,21,
2019-09-30,3.1904761904761907,False,False,ledoit_wolf,True,252,False,,,0.0030672746813738,0.3405707958763663,111.03368014103704,True,False,0.0,0.0030672746813738,3.405707958763662e-07,1e-06,symmetrized,0.091071567426133,67,21,
2019-10-11,3.380952380952381,False,False,ledoit_wolf,True,252,False,,,0.0028841321602082,0.3341248824835697,115.84936609127072,True,False,0.0,0.0028841321602082,3.341248824835695e-07,1e-06,symmetrized,0.0865990433427676,71,21,
2019-10-18,3.619047619047619,False,False,ledoit_wolf,True,252,False,,,0.0026492446035807,0.3263807365391767,123.19766023040758,True,False,0.0,0.0026492446035807,3.2638073653917666e-07,1e-06,symmetrized,0.0813176159224917,76,21,
2019-10-25,3.857142857142857,False,False,ledoit_wolf,True,252,False,,,0.0024208306112286,0.317867941173942,131.30532128087023,True,False,0.0,0.0024208306112286,3.178679411739421e-07,1e-06,symmetrized,0.0772360402530902,81,21,
2019-11-01,4.095238095238095,False,False,ledoit_wolf,True,252,False,,,0.0022202991414499,0.3142990016199208,141.55705226939082,True,False,0.0,0.0022202991414499,3.142990016199209e-07,1e-06,symmetrized,0.0721025902723127,86,21,
2019-11-08,4.333333333333333,False,False,ledoit_wolf,True,252,False,,,0.002101011029626,0.3045017219169406,144.9310439703561,True,False,0.0,0.0021010110296261,3.045017219169407e-07,1e-06,symmetrized,0.0698121227244366,91,21,
2019-11-15,4.571428571428571,False,False,ledoit_wolf,True,252,False,,,0.0019823729941577,0.3017783685373656,152.23087149932437,True,False,0.0,0.0019823729941578,3.017783685373655e-07,1e-06,symmetrized,0.06621163448606,96,21,
2019-11-22,4.809523809523809,False,False,ledoit_wolf,True,252,False,,,0.0018481508562216,0.2968133919266209,160.60019717948273,True,False,0.0,0.0018481508562216,2.968133919266207e-07,1e-06,symmetrized,0.0631531720614882,101,21,
2019-11-29,5.047619047619048,False,False,ledoit_wolf,True,252,False,,,0.0017885946406512,0.2878874554850447,160.95735106319378,True,False,0.0,0.0017885946406511,2.8788745548504415e-07,1e-06,symmetrized,0.0620853852901508,106,21,
2019-12-06,5.285714285714286,False,False,ledoit_wolf,True,252,False,,,0.0017614122878683,0.2792884228132941,158.55937007870557,True,False,0.0,0.0017614122878682,2.7928842281329425e-07,1e-06,symmetrized,0.0615759644053514,111,21,
2019-12-13,5.523809523809524,False,False,ledoit_wolf,True,252,False,,,0.0016936807213476,0.2703719689034377,159.63573623741166,True,False,0.0,0.0016936807213475,2.703719689034378e-07,1e-06,symmetrized,0.060730355237655,116,21,
2019-12-20,5.761904761904762,False,False,ledoit_wolf,True,252,False,,,0.0016056656943705,0.2691991618613578,167.6557970972208,True,False,0.0,0.0016056656943705,2.691991618613582e-07,1e-06,symmetrized,0.0578319150262574,121,21,
2019-12-27,6.0,False,False,ledoit_wolf,True,252,False,,,0.0015009030439193,0.2743842418392628,182.8127692530782,True,False,0.0,0.0015009030439192,2.743842418392632e-07,1e-06,symmetrized,0.0537210900774083,126,21,
2020-01-03,6.190476190476191,False,False,ledoit_wolf,True,252,False,,,0.0014406378409372,0.277903948514747,192.9034075170141,True,False,0.0,0.0014406378409372,2.779039485147472e-07,1e-06,symmetrized,0.0511261214864821,130,21,
2020-01-10,6.428571428571429,False,False,ledoit_wolf,True,252,False,,,0.00146076218618,0.2760322376903207,188.96452845082908,True,False,0.0,0.00146076218618,2.760322376903207e-07,1e-06,symmetrized,0.0509159467148547,135,21,
2020-01-17,6.666666666666667,False,False,ledoit_wolf,True,252,False,,,0.001406035450838,0.2733254275846284,194.39440692744503,True,False,0.0,0.0014060354508381,2.7332542758462855e-07,1e-06,symmetrized,0.0493761851983055,140,21,
2020-01-23,6.857142857142857,False,False,ledoit_wolf,True,252,False,,,0.0013455131739215,0.27832542048537,206.8544744710177,True,False,0.0,0.0013455131739215,2.783254204853701e-07,1e-06,symmetrized,0.046788542614411,144,21,
2020-02-07,7.095238095238095,False,False,ledoit_wolf,True,252,False,,,0.0048749423942828,0.4064301687220008,83.37127618136583,True,False,0.0,0.0048749423942828,4.064301687220009e-07,1e-06,symmetrized,0.12951992544313,149,21,
2020-02-14,7.333333333333333,False,False,ledoit_wolf,True,252,False,,,0.0047977171211509,0.4003324234779593,83.44227334977224,True,False,0.0,0.0047977171211509,4.003324234779592e-07,1e-06,symmetrized,0.1272719940616208,154,21,
2020-02-21,7.571428571428571,False,False,ledoit_wolf,True,252,False,,,0.0046349791875483,0.4146894566478046,89.46954017870112,True,False,0.0,0.0046349791875483,4.146894566478048e-07,1e-06,symmetrized,0.1183211998105331,159,21,
2020-02-28,7.809523809523809,False,False,ledoit_wolf,True,252,False,,,0.0044704288147573,0.424364754071402,94.9270800757486,True,False,0.0,0.0044704288147573,4.243647540714018e-07,1e-06,symmetrized,0.1104640220684841,164,21,
2020-03-06,8.047619047619047,False,False,ledoit_wolf,True,252,False,,,0.0042634470039919,0.4758613430167753,111.61422730743848,True,False,0.0,0.0042634470039919,4.758613430167754e-07,1e-06,symmetrized,0.0974276077600089,169,21,
2020-03-13,2.863636363636364,True,False,ledoit_wolf,True,252,False,,,0.0128883857197279,0.966771375986375,75.0110523544127,True,False,0.0,0.0128883857197279,9.667713759863752e-07,1e-06,symmetrized,0.1586027573142437,63,22,
2020-03-20,3.090909090909091,False,False,ledoit_wolf,True,252,False,,,0.0112688362706595,1.0588427588671276,93.9620324082634,True,False,0.0,0.0112688362706595,1.058842758867128e-06,1e-06,symmetrized,0.1289268344134906,68,22,
2020-03-27,2.608695652173913,True,False,ledoit_wolf,True,252,False,,,0.0126032619936181,1.4281208147000006,113.31358623054491,True,False,0.0,0.0126032619936181,1.4281208147000008e-06,1e-06,symmetrized,0.1123325637228129,60,23,
2020-04-03,2.8260869565217392,True,False,ledoit_wolf,True,252,False,,,0.0116637432914851,1.3751899333338282,117.90296639482445,True,False,0.0,0.0116637432914851,1.37518993333383e-06,1e-06,symmetrized,0.1071428517066857,65,23,
2020-04-10,3.0,False,False,ledoit_wolf,True,252,False,,,0.0111467398693448,1.3647955403809773,122.43898721763156,True,False,0.0,0.0111467398693448,1.3647955403809763e-06,1e-06,symmetrized,0.1030556585705671,69,23,
2020-04-17,3.217391304347826,False,False,ledoit_wolf,True,252,False,,,0.0102364698077504,1.3136315349805097,128.3285702641259,True,False,0.0,0.0102364698077504,1.31363153498051e-06,1e-06,symmetrized,0.0984530916250773,74,23,
2020-04-24,2.583333333333333,True,False,ledoit_wolf,True,252,False,,,0.012202462951744,1.581529221463256,129.6073774382746,True,False,0.0,0.012202462951744,1.5815292214632557e-06,1e-06,symmetrized,0.102458746574579,62,24,
2020-04-30,2.75,True,False,ledoit_wolf,True,252,False,,,0.0116506683139426,1.499208889200288,128.68007643871758,True,False,0.0,0.0116506683139426,1.4992088892002872e-06,1e-06,symmetrized,0.1017895314215102,66,24,
2020-05-08,2.875,True,False,ledoit_wolf,True,252,False,,,0.0112543066853162,1.4921218394492677,132.5822977079587,True,False,0.0,0.0112543066853162,1.4921218394492678e-06,1e-06,symmetrized,0.0986397953977471,69,24,
2020-05-15,3.083333333333333,False,False,ledoit_wolf,True,252,False,,,0.0105710873698921,1.4052881447961565,132.93695299488363,True,False,0.0,0.0105710873698921,1.405288144796156e-06,1e-06,symmetrized,0.0978451509616572,74,24,
2020-05-22,3.2916666666666665,False,False,ledoit_wolf,True,252,False,,,0.0100571071615207,1.3457673469396465,133.81256909428714,True,False,0.0,0.0100571071615207,1.3457673469396465e-06,1e-06,symmetrized,0.0954418224299758,79,24,
2020-05-29,3.5,False,False,ledoit_wolf,True,252,False,,,0.0092627417635477,1.308004232597071,141.2113460557161,True,False,0.0,0.0092627417635477,1.308004232597071e-06,1e-06,symmetrized,0.0906754804279862,84,24,
2020-06-05,2.56,True,False,ledoit_wolf,True,252,False,,,0.0074621763436723,1.1679897783114377,156.52133164902315,True,False,0.0,0.0074621763436723,1.1679897783114371e-06,1e-06,symmetrized,0.0857895406257431,64,25,
2020-06-12,2.76,True,False,ledoit_wolf,True,252,False,,,0.0071337850707856,1.12069198643752,157.09640468802266,True,False,0.0,0.0071337850707856,1.12069198643752e-06,1e-06,symmetrized,0.0830211791465856,69,25,
2020-06-19,2.96,True,False,ledoit_wolf,True,252,False,,,0.0064279370573694,1.1207246934136514,174.3521573735334,True,False,0.0,0.0064279370573694,1.120724693413651e-06,1e-06,symmetrized,0.0759356335988981,74,25,
2020-06-24,3.08,False,False,ledoit_wolf,True,252,False,,,0.0062573144224975,1.0833700010003096,173.13657710809042,True,False,0.0,0.0062573144224975,1.0833700010003098e-06,1e-06,symmetrized,0.0758668967175182,77,25,
2020-07-03,3.28,False,False,ledoit_wolf,True,252,False,,,0.0058907932274746,1.0605466342526693,180.03460540870495,True,False,0.0,0.0058907932274746,1.0605466342526689e-06,1e-06,symmetrized,0.0725636509847053,82,25,
2020-07-10,2.3846153846153846,True,False,ledoit_wolf,True,252,False,,,0.0080960641555872,0.5832547057800379,72.04175937483467,True,False,0.0,0.0080960641555872,5.832547057800374e-07,1e-06,symmetrized,0.1386291372469705,62,26,
2020-07-17,2.576923076923077,True,False,ledoit_wolf,True,252,False,,,0.0085638123972732,0.7114280514152567,83.07375481996527,True,False,0.0,0.0085638123972732,7.114280514152567e-07,1e-06,symmetrized,0.1304621220095724,67,26,
2020-07-24,2.769230769230769,True,False,ledoit_wolf,True,252,False,,,0.0088959830681873,0.6941567459072691,78.03035826244124,True,False,0.0,0.0088959830681873,6.941567459072686e-07,1e-06,symmetrized,0.1297412757861025,72,26,
2020-07-31,2.9615384615384617,True,False,ledoit_wolf,True,252,False,,,0.0079364403229063,0.7575666390622806,95.45420972621348,True,False,0.0,0.0079364403229063,7.575666390622796e-07,1e-06,symmetrized,0.1134182106111691,77,26,
2020-08-07,3.1538461538461537,False,False,ledoit_wolf,True,252,False,,,0.0076039161572494,0.7351055033021741,96.67459347264598,True,False,0.0,0.0076039161572494,7.351055033021748e-07,1e-06,symmetrized,0.1093239464466923,82,26,
2020-08-14,3.3461538461538463,False,False,ledoit_wolf,True,252,False,,,0.0073913590438936,0.7181603650041022,97.16215390691976,True,False,0.0,0.0073913590438936,7.181603650041021e-07,1e-06,symmetrized,0.1065968146092216,87,26,
2020-08-21,3.5384615384615383,False,False,ledoit_wolf,True,252,False,,,0.0067172122202674,0.7251727566038988,107.9573985195644,True,False,0.0,0.0067172122202674,7.251727566038983e-07,1e-06,symmetrized,0.0977871872395653,92,26,
2020-08-28,3.730769230769231,False,False,ledoit_wolf,True,252,False,,,0.0062996682827914,0.7116990519417432,112.97405196490467,True,False,0.0,0.0062996682827914,7.116990519417428e-07,1e-06,symmetrized,0.0937064469022364,97,26,
2020-09-04,3.923076923076923,False,False,ledoit_wolf,True,252,False,,,0.0061429792752259,0.6840537196730285,111.35536830341417,True,False,0.0,0.0061429792752259,6.840537196730285e-07,1e-06,symmetrized,0.0931163546727108,102,26,
2020-09-11,4.115384615384615,False,False,ledoit_wolf,True,252,False,,,0.0057770008644159,0.7233288977866839,125.20837624278477,True,False,0.0,0.0057770008644159,7.233288977866829e-07,1e-06,symmetrized,0.0840637890611983,107,26,
2020-09-18,4.307692307692308,False,False,ledoit_wolf,True,252,False,,,0.0055596314258085,0.6954158203798457,125.08307963575336,True,False,0.0,0.0055596314258085,6.954158203798457e-07,1e-06,symmetrized,0.0833504963456317,112,26,
2020-09-25,4.5,False,False,ledoit_wolf,True,252,False,,,0.0051339038601145,0.710400877525964,138.37440218643115,True,False,0.0,0.0051339038601145,7.104008775259643e-07,1e-06,symmetrized,0.0766465779887482,117,26,
2020-09-30,4.615384615384615,False,False,ledoit_wolf,True,252,False,,,0.0050438784772981,0.6956813041706793,137.92586544300266,True,False,0.0,0.0050438784772981,6.956813041706788e-07,1e-06,symmetrized,0.0763755155985718,120,26,
2020-10-09,4.653846153846154,False,False,ledoit_wolf,True,252,False,,,0.0050111916172563,0.6908664877672657,137.86471173607123,True,False,0.0,0.0050111916172563,6.908664877672657e-07,1e-06,symmetrized,0.0763328043724621,121,26,
2020-10-16,4.846153846153846,False,False,ledoit_wolf,True,252,False,,,0.0046229216049825,0.7090458561559807,153.37613672526277,True,False,0.0,0.0046229216049825,7.090458561559811e-07,1e-06,symmetrized,0.0703691965357905,126,26,
2020-10-23,5.038461538461538,False,False,ledoit_wolf,True,252,False,,,0.0044467072146775,0.6888696042127818,154.91678920055188,True,False,0.0,0.0044467072146775,6.888696042127816e-07,1e-06,symmetrized,0.0694093242434617,131,26,
2020-10-30,5.230769230769231,False,False,ledoit_wolf,True,252,False,,,0.0042796510250497,0.6722586499415213,157.08258594138735,True,False,0.0,0.0042796510250497,6.722586499415214e-07,1e-06,symmetrized,0.068232034577874,136,26,
2020-11-06,5.423076923076923,False,False,ledoit_wolf,True,252,False,,,0.0040650857283428,0.6682370433934433,164.38448978684772,True,False,0.0,0.0040650857283428,6.682370433934435e-07,1e-06,symmetrized,0.0654858394949701,141,26,
2020-11-13,5.615384615384615,False,False,ledoit_wolf,True,252,False,,,0.0039340842886829,0.6724386960454862,170.9263571143803,True,False,0.0,0.0039340842886829,6.724386960454858e-07,1e-06,symmetrized,0.0627960836515058,146,26,
2020-11-20,5.807692307692308,False,False,ledoit_wolf,True,252,False,,,0.0038456462551457,0.6550781697377612,170.34280489559467,True,False,0.0,0.0038456462551457,6.550781697377606e-07,1e-06,symmetrized,0.0622717438524526,151,26,
2020-11-27,6.0,False,False,ledoit_wolf,True,252,False,,,0.0037603251830746,0.639494167025473,170.06352799057152,True,False,0.0,0.0037603251830746,6.39494167025473e-07,1e-06,symmetrized,0.0615763995293031,156,26,
2020-12-04,6.1923076923076925,False,False,ledoit_wolf,True,252,False,,,0.0036842876829613,0.6246272525738794,169.5381322860805,True,False,0.0,0.0036842876829613,6.24627252573879e-07,1e-06,symmetrized,0.0610761579908927,161,26,
2020-12-11,6.384615384615385,False,False,ledoit_wolf,True,252,False,,,0.0035972724131038,0.610263469823523,169.64616513347676,True,False,0.0,0.0035972724131038,6.102634698235231e-07,1e-06,symmetrized,0.0605214290167215,166,26,
2020-12-18,6.576923076923077,False,False,ledoit_wolf,True,252,False,,,0.0035333870552579,0.5962037404155764,168.73434217414265,True,False,0.0,0.0035333870552579,5.962037404155766e-07,1e-06,symmetrized,0.0600551016161336,171,26,
2020-12-25,2.2222222222222223,True,False,ledoit_wolf,True,252,False,,,0.0061418621810736,0.3946815348205892,64.26089078273527,True,False,0.0,0.0061418621810736,3.946815348205896e-07,1e-06,symmetrized,0.1409479285042841,60,27,
2020-12-31,2.3703703703703702,True,False,ledoit_wolf,True,252,False,,,0.0059813269960687,0.3802714543936448,63.57643623958036,True,False,0.0,0.0059813269960687,3.802714543936449e-07,1e-06,symmetrized,0.1388220790647403,64,27,
2021-01-08,2.555555555555556,True,False,ledoit_wolf,True,252,False,,,0.005614491615266,0.3960699074530941,70.54421568217519,True,False,0.0,0.005614491615266,3.960699074530944e-07,1e-06,symmetrized,0.1259000093850157,69,27,
2021-01-15,2.740740740740741,True,False,ledoit_wolf,True,252,False,,,0.0055244603399073,0.4234375021629385,76.64775853382925,True,False,0.0,0.0055244603399073,4.234375021629384e-07,1e-06,symmetrized,0.1169935625070043,74,27,
2021-01-22,2.925925925925926,True,False,ledoit_wolf,True,252,False,,,0.0051659442702929,0.418729129313261,81.05568070511112,True,False,0.0,0.0051659442702929,4.187291293132609e-07,1e-06,symmetrized,0.110494288396109,79,27,
2021-01-29,3.111111111111111,False,False,ledoit_wolf,True,252,False,,,0.0049303175177272,0.4385725244765798,88.95421499724245,True,False,0.0,0.0049303175177272,4.385725244765799e-07,1e-06,symmetrized,0.1031400476387426,84,27,
2021-02-05,3.2962962962962963,False,False,ledoit_wolf,True,252,False,,,0.004809589581276,0.4385102190634833,91.17414524736712,True,False,0.0,0.004809589581276,4.38510219063483e-07,1e-06,symmetrized,0.0989423007622671,89,27,
2021-02-10,2.142857142857143,True,False,ledoit_wolf,True,252,False,,,0.0068389899215451,0.4392307800811134,64.22451050810659,True,False,0.0,0.0068389899215451,4.3923078008111364e-07,1e-06,symmetrized,0.1371134305850924,60,28,
2021-02-19,2.2142857142857144,True,False,ledoit_wolf,True,252,False,,,0.0075870328925691,0.4239993384101127,55.88473707888968,True,False,0.0,0.0075870328925691,4.239993384101125e-07,1e-06,symmetrized,0.1472578653919419,62,28,
2021-02-26,2.392857142857143,True,False,ledoit_wolf,True,252,False,,,0.007630916633956,0.4182235261587995,54.80645985539763,True,False,0.0,0.007630916633956,4.182235261587995e-07,1e-06,symmetrized,0.1432028761963334,67,28,
2021-03-05,2.571428571428572,True,False,ledoit_wolf,True,252,False,,,0.0069613086687973,0.4780029038701706,68.66566713421642,True,False,0.0,0.0069613086687973,4.780029038701706e-07,1e-06,symmetrized,0.1246502292901939,72,28,
2021-03-12,2.75,True,False,ledoit_wolf,True,252,False,,,0.0064273966862893,0.542876646640712,84.46291292378915,True,False,0.0,0.0064273966862893,5.42876646640712e-07,1e-06,symmetrized,0.1089333953455958,77,28,
2021-03-19,2.9285714285714284,True,False,ledoit_wolf,True,252,False,,,0.0060257905415481,0.527546407437621,87.54808249642208,True,False,0.0,0.0060257905415481,5.275464074376208e-07,1e-06,symmetrized,0.1048556645894125,82,28,
2021-03-26,3.107142857142857,False,False,ledoit_wolf,True,252,False,,,0.0056401587979315,0.5196270726286549,92.12986570860694,True,False,0.0,0.0056401587979315,5.196270726286552e-07,1e-06,symmetrized,0.0994635106238793,87,28,
2021-04-02,3.2857142857142856,False,False,ledoit_wolf,True,252,False,,,0.0052783310255828,0.5140589363492498,97.39043153180886,True,False,0.0,0.0052783310255828,5.140589363492491e-07,1e-06,symmetrized,0.0950025038241723,92,28,
2021-04-09,3.4285714285714284,False,False,ledoit_wolf,True,252,False,,,0.0051497431785574,0.5011104314439329,97.30784896816972,True,False,0.0,0.0051497431785574,5.011104314439327e-07,1e-06,symmetrized,0.0942108949470546,96,28,
2021-04-16,3.607142857142857,False,False,ledoit_wolf,True,252,False,,,0.0047946764155876,0.4941502523597908,103.0622735568322,True,False,0.0,0.0047946764155876,4.941502523597902e-07,1e-06,symmetrized,0.0897976882744488,101,28,
2021-04-23,3.7857142857142856,False,False,ledoit_wolf,True,252,False,,,0.0045342066759055,0.4844051457309223,106.83349488787428,True,False,0.0,0.0045342066759055,4.84405145730922e-07,1e-06,symmetrized,0.0868364797394546,106,28,
2021-04-30,3.9642857142857135,False,False,ledoit_wolf,True,252,False,,,0.004371459873464,0.4678567336628834,107.02528381946368,True,False,0.0,0.004371459873464,4.678567336628838e-07,1e-06,symmetrized,0.0858342181956265,111,28,
2021-05-07,4.035714285714286,False,False,ledoit_wolf,True,252,False,,,0.0043691681961088,0.4633919652557049,106.0595391288437,True,False,0.0,0.0043691681961088,4.633919652557049e-07,1e-06,symmetrized,0.0851420639474024,113,28,
2021-05-14,2.103448275862069,True,False,ledoit_wolf,True,252,False,,,0.0068115541360558,0.575616034858355,84.50582985334039,True,False,0.0,0.0068115541360558,5.756160348583547e-07,1e-06,symmetrized,0.1209286328806275,61,29,
2021-05-21,2.2758620689655173,True,False,ledoit_wolf,True,252,False,,,0.0065855115656003,0.5631390337476085,85.51181303654315,True,False,0.0,0.0065855115656003,5.631390337476093e-07,1e-06,symmetrized,0.1161893363628521,66,29,
2021-05-28,2.4482758620689653,True,False,ledoit_wolf,True,252,False,,,0.0060720166417276,0.5586331937327265,92.00126196850869,True,False,0.0,0.0060720166417276,5.586331937327273e-07,1e-06,symmetrized,0.109775216497979,71,29,
2021-06-04,2.6206896551724137,True,False,ledoit_wolf,True,252,False,,,0.0056488832073908,0.5427175675773594,96.0751971057363,True,False,0.0,0.0056488832073908,5.427175675773589e-07,1e-06,symmetrized,0.1050492202019893,76,29,
2021-06-11,2.793103448275862,True,False,ledoit_wolf,True,252,False,,,0.0053662762511218,0.5195456950824282,96.81680009928922,True,False,0.0,0.0053662762511218,5.195456950824278e-07,1e-06,symmetrized,0.1026388359235139,81,29,
2021-06-18,2.931034482758621,True,False,ledoit_wolf,True,252,False,,,0.0051426008725934,0.5301288559403678,103.08574767402176,True,False,0.0,0.0051426008725934,5.301288559403674e-07,1e-06,symmetrized,0.0971259221191612,85,29,
2021-06-25,3.103448275862069,False,False,ledoit_wolf,True,252,False,,,0.0049534243329885,0.512319100652594,103.42725884408496,True,False,0.0,0.0049534243329885,5.123191006525939e-07,1e-06,symmetrized,0.0943326132422828,90,29,
2021-07-02,3.2758620689655173,False,False,ledoit_wolf,True,252,False,,,0.0046467881433203,0.5130616901964814,110.41211141377228,True,False,0.0,0.0046467881433203,5.130616901964808e-07,1e-06,symmetrized,0.0887979332794501,95,29,
2021-07-09,3.4482758620689653,False,False,ledoit_wolf,True,252,False,,,0.004353029617238,0.5206283196990771,119.60137317636948,True,False,0.0,0.004353029617238,5.206283196990774e-07,1e-06,symmetrized,0.0823779405992698,100,29,
2021-07-16,3.6206896551724137,False,False,ledoit_wolf,True,252,False,,,0.0041280622563492,0.5157688320362865,124.94211569677788,True,False,0.0,0.0041280622563492,5.157688320362864e-07,1e-06,symmetrized,0.0789123719133119,105,29,
2021-07-23,3.793103448275862,False,False,ledoit_wolf,True,252,False,,,0.003942972862747,0.5087744434439807,129.03320949805527,True,False,0.0,0.003942972862747,5.087744434439809e-07,1e-06,symmetrized,0.0761908053117133,110,29,
2021-07-30,3.9655172413793114,False,False,ledoit_wolf,True,252,False,,,0.0037969899968404,0.5562737509281077,146.503875804519,True,False,0.0,0.0037969899968404,5.56273750928108e-07,1e-06,symmetrized,0.0705056986679717,115,29,
2021-08-06,4.137931034482759,False,False,ledoit_wolf,True,252,False,,,0.0037092857402212,0.5644788173303372,152.17992272999467,True,False,0.0,0.0037092857402212,5.644788173303368e-07,1e-06,symmetrized,0.0677548230038978,120,29,
2021-08-13,4.310344827586207,False,False,ledoit_wolf,True,252,False,,,0.0036483073972763,0.5451808288249489,149.43390714059856,True,False,0.0,0.0036483073972763,5.45180828824949e-07,1e-06,symmetrized,0.0674485685895785,125,29,
2021-08-20,4.482758620689655,False,False,ledoit_wolf,True,252,False,,,0.0035094289079007,0.5433879122693617,154.83656359188095,True,False,0.0,0.0035094289079007,5.433879122693618e-07,1e-06,symmetrized,0.0648935975956916,130,29,
2021-08-27,4.655172413793103,False,False,ledoit_wolf,True,252,False,,,0.0033216575248162,0.5457981991449228,164.31501293171817,True,False,0.0,0.0033216575248162,5.457981991449232e-07,1e-06,symmetrized,0.061723757681904,135,29,
2021-09-03,4.827586206896552,False,False,ledoit_wolf,True,252,False,,,0.0033395819004091,0.5292938220159167,158.49104402891447,True,False,0.0,0.0033395819004091,5.292938220159172e-07,1e-06,symmetrized,0.0620846844999769,140,29,
2021-09-10,5.0,False,False,ledoit_wolf,True,252,False,,,0.0032458291249622,0.5271763302995309,162.4165382722265,True,False,0.0,0.0032458291249622,5.271763302995306e-07,1e-06,symmetrized,0.060271570022419,145,29,
2021-09-17,5.172413793103448,False,False,ledoit_wolf,True,252,False,,,0.0031542572694178,0.5244174198451659,166.25702187632717,True,False,0.0,0.0031542572694178,5.244174198451662e-07,1e-06,symmetrized,0.0584509505868446,150,29,
2021-09-24,5.275862068965517,False,False,ledoit_wolf,True,252,False,,,0.0031628773413631,0.5159581931910475,163.12937161473403,True,False,0.0,0.0031628773413631,5.159581931910473e-07,1e-06,symmetrized,0.058364615005454,153,29,
2021-09-30,5.413793103448276,False,False,ledoit_wolf,True,252,False,,,0.003174287538918,0.5126137751957316,161.48939530867275,True,False,0.0,0.003174287538918,5.126137751957313e-07,1e-06,symmetrized,0.0575784763857622,157,29,
2021-10-08,5.448275862068965,False,False,ledoit_wolf,True,252,False,,,0.003154717650961,0.5135566333527595,162.79004658192397,True,False,0.0,0.003154717650961,5.13556633352759e-07,1e-06,symmetrized,0.0571619878190667,158,29,
2021-10-15,5.620689655172414,False,False,ledoit_wolf,True,252,False,,,0.00313915229013,0.5105557586014016,162.64128382896746,True,False,0.0,0.00313915229013,5.105557586014015e-07,1e-06,symmetrized,0.0563003899595559,163,29,
2021-10-22,5.793103448275862,False,False,ledoit_wolf,True,252,False,,,0.0032640400203893,0.5028935384381458,154.07088617074032,True,False,0.0,0.0032640400203893,5.028935384381455e-07,1e-06,symmetrized,0.0572226402385181,168,29,
2021-10-29,5.965517241379311,False,False,ledoit_wolf,True,252,False,,,0.0031618259554996,0.5005388137483181,158.30688367829973,True,False,0.0,0.0031618259554996,5.005388137483183e-07,1e-06,symmetrized,0.0550192958859656,173,29,
2021-11-05,6.137931034482759,False,False,ledoit_wolf,True,252,False,,,0.0030761837372283,0.4920077052113007,159.94093566550245,True,False,0.0,0.0030761837372283,4.920077052113002e-07,1e-06,symmetrized,0.0541311530099521,178,29,
2021-11-12,6.310344827586207,False,False,ledoit_wolf,True,252,False,,,0.0029999768624747,0.4852607394332564,161.75482734655054,True,False,0.0,0.0029999768624747,4.852607394332564e-07,1e-06,symmetrized,0.0532609397215709,183,29,
2021-11-19,6.482758620689655,False,False,ledoit_wolf,True,252,False,,,0.0029134064160777,0.4786352295372815,164.28714747654655,True,False,0.0,0.0029134064160777,4.786352295372815e-07,1e-06,symmetrized,0.0524135927920423,188,29,
2021-11-26,6.655172413793103,False,False,ledoit_wolf,True,252,False,,,0.0028305586123737,0.4727711032505273,167.02395816281884,True,False,0.0,0.0028305586123737,4.727711032505271e-07,1e-06,symmetrized,0.0514966666352124,193,29,
2021-12-03,6.827586206896552,False,False,ledoit_wolf,True,252,False,,,0.0027628203841042,0.464101243779455,167.9809684515296,True,False,0.0,0.0027628203841042,4.64101243779455e-07,1e-06,symmetrized,0.0507921263337614,198,29,
2021-12-10,7.0,False,False,ledoit_wolf,True,252,False,,,0.0026673080890012,0.4642171125818822,174.03955489660038,True,False,0.0,0.0026673080890012,4.6421711258188243e-07,1e-06,symmetrized,0.0493851999676293,203,29,
2021-12-17,7.172413793103448,False,False,ledoit_wolf,True,252,False,,,0.0025970739979963,0.4572915348343214,176.07951686672413,True,False,0.0,0.0025970739979963,4.572915348343218e-07,1e-06,symmetrized,0.0485513373390347,208,29,
2021-12-24,7.344827586206897,False,False,ledoit_wolf,True,252,False,,,0.0024853257288778,0.4640805946756902,186.72827842377856,True,False,0.0,0.0024853257288778,4.6408059467569046e-07,1e-06,symmetrized,0.0467250138322344,213,29,
2021-12-31,7.517241379310345,False,False,ledoit_wolf,True,252,False,,,0.0024204202335266,0.4585443235281498,189.44822769888535,True,False,0.0,0.0024204202335266,4.585443235281499e-07,1e-06,symmetrized,0.0460602759387517,218,29,
2022-01-07,7.655172413793103,False,False,ledoit_wolf,True,252,False,,,0.0023653958741103,0.4610706384108882,194.9232445432849,True,False,0.0,0.0023653958741103,4.6107063841088845e-07,1e-06,symmetrized,0.0449651428633332,222,29,
2022-01-14,7.827586206896552,False,False,ledoit_wolf,True,252,False,,,0.0022799571988859,0.4622479108901892,202.7441177913612,True,False,0.0,0.0022799571988859,4.62247910890189e-07,1e-06,symmetrized,0.0436121401164,227,29,
2022-01-21,8.0,False,False,ledoit_wolf,True,252,False,,,0.0022463297233011,0.458046668672441,203.90892036958175,True,False,0.0,0.0022463297233011,4.58046668672441e-07,1e-06,symmetrized,0.0431785117573815,232,29,
2022-01-28,8.172413793103448,False,False,ledoit_wolf,True,252,False,,,0.0021604357503108,0.4737417131047376,219.28063032495768,True,False,0.0,0.0021604357503108,4.737417131047378e-07,1e-06,symmetrized,0.0412253931099945,237,29,
2022-02-11,8.344827586206897,False,False,ledoit_wolf,True,252,False,,,0.0021917507086825,0.4691443996949853,214.05007322980785,True,False,0.0,0.0021917507086825,4.6914439969498566e-07,1e-06,symmetrized,0.0414755193114736,242,29,
2022-02-18,8.517241379310345,False,False,ledoit_wolf,True,252,False,,,0.0021594993493179,0.4672820074852221,216.38441689403857,True,False,0.0,0.0021594993493179,4.6728200748522236e-07,1e-06,symmetrized,0.0408733992376592,247,29,
2022-02-25,8.689655172413794,False,False,ledoit_wolf,True,252,False,,,0.0021723273915307,0.4696680834917597,216.20501832406285,True,False,0.0,0.0021723273915307,4.696680834917599e-07,1e-06,symmetrized,0.0407662176215074,252,29,
2022-03-04,8.689655172413794,False,False,ledoit_wolf,True,252,False,,,0.0021555500154493,0.4568978585956014,211.9634688691494,True,False,0.0,0.0021555500154493,4.568978585956013e-07,1e-06,symmetrized,0.0409732135466551,252,29,
2022-03-11,8.689655172413794,False,False,ledoit_wolf,True,252,False,,,0.0023982686474244,0.4697231647295259,195.85927758091805,True,False,0.0,0.0023982686474244,4.69723164729526e-07,1e-06,symmetrized,0.0441491463571164,252,29,
2022-03-18,8.689655172413794,False,False,ledoit_wolf,True,252,False,,,0.0026416214826072,0.5056899030626906,191.4316287902029,True,False,0.0,0.0026416214826072,5.056899030626906e-07,1e-06,symmetrized,0.0469379255985165,252,29,
2022-03-25,8.689655172413794,False,False,ledoit_wolf,True,252,False,,,0.002654293973435,0.4762091371375863,179.4108497037701,True,False,0.0,0.002654293973435,4.762091371375863e-07,1e-06,symmetrized,0.0483076825425747,252,29,
2022-04-01,8.689655172413794,False,False,ledoit_wolf,True,252,False,,,0.0026466557275141,0.4823935993532831,182.2653374741593,True,False,0.0,0.0026466557275141,4.823935993532829e-07,1e-06,symmetrized,0.0477888283836991,252,29,
2022-04-08,8.689655172413794,False,False,ledoit_wolf,True,252,False,,,0.00265093833505,0.4820945086194206,181.8580621983124,True,False,0.0,0.00265093833505,4.820945086194208e-07,1e-06,symmetrized,0.0478570278809572,252,29,
2022-04-15,8.689655172413794,False,False,ledoit_wolf,True,252,False,,,0.0026296040942227,0.4986327610844409,189.62275050451345,True,False,0.0,0.0026296040942227,4.986327610844411e-07,1e-06,symmetrized,0.0468302964782565,252,29,
2022-04-22,8.689655172413794,False,False,ledoit_wolf,True,252,False,,,0.0026052557982017,0.5046245550828045,193.6948208429712,True,False,0.0,0.0026052557982017,5.046245550828041e-07,1e-06,symmetrized,0.0460114590850809,252,29,
2022-04-29,8.689655172413794,False,False,ledoit_wolf,True,252,False,,,0.0029119274153683,0.5798520302121823,199.129973896977,True,False,0.0,0.0029119274153683,5.798520302121823e-07,1e-06,symmetrized,0.0482902322425155,252,29,
2022-05-06,8.689655172413794,False,False,ledoit_wolf,True,252,False,,,0.0028880087142299,0.5999970444671183,207.75458242587013,True,False,0.0,0.0028880087142299,5.999970444671181e-07,1e-06,symmetrized,0.0471913560882547,252,29,
2022-05-13,8.689655172413794,False,False,ledoit_wolf,True,252,False,,,0.0028825971072955,0.6068787603465493,210.5319396909812,True,False,0.0,0.0028825971072955,6.068787603465492e-07,1e-06,symmetrized,0.0464577922664621,252,29,
2022-05-20,8.689655172413794,False,False,ledoit_wolf,True,252,False,,,0.0028799100846397,0.6089399816747862,211.4440950509628,True,False,0.0,0.0028799100846397,6.089399816747865e-07,1e-06,symmetrized,0.046220153595921,252,29,
2022-05-27,8.689655172413794,False,False,ledoit_wolf,True,252,False,,,0.0028095184378895,0.6236964945521366,221.9940919913087,True,False,0.0,0.0028095184378895,6.236964945521366e-07,1e-06,symmetrized,0.0453658252719555,252,29,
2022-06-02,8.689655172413794,False,False,ledoit_wolf,True,252,False,,,0.0028159672515057,0.6187072957031141,219.7139527713871,True,False,0.0,0.0028159672515057,6.187072957031141e-07,1e-06,symmetrized,0.0458061739074037,252,29,
2022-06-10,8.689655172413794,False,False,ledoit_wolf,True,252,False,,,0.0027752315405164,0.6304760803757894,227.1796321032215,True,False,0.0,0.0027752315405164,6.304760803757887e-07,1e-06,symmetrized,0.0448470871660777,252,29,
2022-06-17,8.689655172413794,False,False,ledoit_wolf,True,252,False,,,0.0028016358057602,0.6297391760847473,224.7755310629548,True,False,0.0,0.0028016358057602,6.297391760847472e-07,1e-06,symmetrized,0.0448104864554496,252,29,
2022-06-24,8.689655172413794,False,False,ledoit_wolf,True,252,False,,,0.0027810026249207,0.6393801283204612,229.90993341428089,True,False,0.0,0.0027810026249207,6.393801283204617e-07,1e-06,symmetrized,0.0438590855370223,252,29,
2022-07-01,8.689655172413794,False,False,ledoit_wolf,True,252,False,,,0.0027605445228326,0.6465652166831359,234.2165508780468,True,False,0.0,0.0027605445228326,6.465652166831359e-07,1e-06,symmetrized,0.0431761643597222,252,29,
2022-07-08,8.689655172413794,False,False,ledoit_wolf,True,252,False,,,0.0027743864645992,0.6421380970001727,231.4522887109481,True,False,0.0,0.0027743864645992,6.42138097000172e-07,1e-06,symmetrized,0.0435481600744303,252,29,
2022-07-15,8.689655172413794,False,False,ledoit_wolf,True,252,False,,,0.0027667616987796,0.644053520208439,232.7824331573321,True,False,0.0,0.0027667616987796,6.440535202084392e-07,1e-06,symmetrized,0.0434103989313504,252,29,
2022-07-22,8.689655172413794,False,False,ledoit_wolf,True,252,False,,,0.0027913134180026,0.6431295940262463,230.4039345343187,True,False,0.0,0.0027913134180026,6.431295940262459e-07,1e-06,symmetrized,0.0436981557231335,252,29,
2022-07-29,8.689655172413794,False,False,ledoit_wolf,True,252,False,,,0.0027997780516898,0.6421135987183184,229.34446476239813,True,False,0.0,0.0027997780516898,6.421135987183183e-07,1e-06,symmetrized,0.0439445818535814,252,29,
2022-08-05,8.689655172413794,False,False,ledoit_wolf,True,252,False,,,0.0027927420875979,0.6455877648203356,231.1662676218021,True,False,0.0,0.0027927420875979,6.455877648203359e-07,1e-06,symmetrized,0.0437591795758364,252,29,
2022-08-12,8.689655172413794,False,False,ledoit_wolf,True,252,False,,,0.0027961557888066,0.6461114274809541,231.0713265932488,True,False,0.0,0.0027961557888066,6.461114274809542e-07,1e-06,symmetrized,0.043802228189932,252,29,
2022-08-19,8.689655172413794,False,False,ledoit_wolf,True,252,False,,,0.002850736571348,0.6131826683132837,215.0962226661712,True,False,0.0,0.002850736571348,6.131826683132832e-07,1e-06,symmetrized,0.0458762736751094,252,29,
2022-08-26,8.689655172413794,False,False,ledoit_wolf,True,252,False,,,0.002797090225161,0.622477529794343,222.54467310167112,True,False,0.0,0.002797090225161,6.224775297943435e-07,1e-06,symmetrized,0.0447743562842041,252,29,
2022-09-02,8.689655172413794,False,False,ledoit_wolf,True,252,False,,,0.0028011872936475,0.6202861370154775,221.43686658230573,True,False,0.0,0.0028011872936475,6.202861370154779e-07,1e-06,symmetrized,0.0447999514011795,252,29,
2022-09-09,8.689655172413794,False,False,ledoit_wolf,True,252,False,,,0.0028255290844254,0.6123219955097761,216.71056188554215,True,False,0.0,0.0028255290844254,6.123219955097763e-07,1e-06,symmetrized,0.0453812925096934,252,29,
2022-09-16,8.689655172413794,False,False,ledoit_wolf,True,252,False,,,0.0028033980256673,0.6187270835816652,220.70611376505315,True,False,0.0,0.0028033980256673,6.187270835816657e-07,1e-06,symmetrized,0.0447448841418354,252,29,
2022-09-23,8.689655172413794,False,False,ledoit_wolf,True,252,False,,,0.0027782759598905,0.6165902773008345,221.932697184306,True,False,0.0,0.0027782759598905,6.165902773008351e-07,1e-06,symmetrized,0.0447390978706966,252,29,
2022-09-30,8.689655172413794,False,False,ledoit_wolf,True,252,False,,,0.0026887964178873,0.6346708776936694,236.04274145543047,True,False,0.0,0.0026887964178873,6.346708776936696e-07,1e-06,symmetrized,0.0430502733736009,252,29,
2022-10-14,8.689655172413794,False,False,ledoit_wolf,True,252,False,,,0.0026797823212542,0.6437242200611057,240.21511559186035,True,False,0.0,0.0026797823212542,6.437242200611059e-07,1e-06,symmetrized,0.0425810223304822,252,29,
2022-10-21,8.689655172413794,False,False,ledoit_wolf,True,252,False,,,0.0026486096971749,0.6458763521434174,243.8548619799697,True,False,0.0,0.0026486096971749,6.458763521434171e-07,1e-06,symmetrized,0.0423695102731978,252,29,
2022-10-28,8.689655172413794,False,False,ledoit_wolf,True,252,False,,,0.0026551100320691,0.6410782434941373,241.45072548821355,True,False,0.0,0.0026551100320691,6.410782434941369e-07,1e-06,symmetrized,0.0428535006258648,252,29,
2022-11-04,8.689655172413794,False,False,ledoit_wolf,True,252,False,,,0.0025439229280584,0.6547621407669442,257.38285289431406,True,False,0.0,0.0025439229280584,6.547621407669443e-07,1e-06,symmetrized,0.0413153009473683,252,29,
2022-11-11,8.689655172413794,False,False,ledoit_wolf,True,252,False,,,0.0025208346758501,0.661377386002447,262.3644431499284,True,False,0.0,0.0025208346758501,6.613773860024475e-07,1e-06,symmetrized,0.0410447182612093,252,29,
2022-11-18,8.689655172413794,False,False,ledoit_wolf,True,252,False,,,0.0024966918165195,0.6774330044189052,271.3322485124547,True,False,0.0,0.0024966918165195,6.774330044189054e-07,1e-06,symmetrized,0.0401166835528909,252,29,
2022-11-25,8.689655172413794,False,False,ledoit_wolf,True,252,False,,,0.0024856751963596,0.6755543889031084,271.7790280453658,True,False,0.0,0.0024856751963596,6.755543889031083e-07,1e-06,symmetrized,0.0401798939006812,252,29,
2022-12-02,8.689655172413794,False,False,ledoit_wolf,True,252,False,,,0.0024616097163939,0.6822544192973425,277.1578348726933,True,False,0.0,0.0024616097163939,6.822544192973429e-07,1e-06,symmetrized,0.0396368548222008,252,29,
2022-12-09,8.689655172413794,False,False,ledoit_wolf,True,252,False,,,0.0024735643090181,0.6786789621166709,274.3728795092684,True,False,0.0,0.0024735643090181,6.786789621166705e-07,1e-06,symmetrized,0.0399160985069383,252,29,
2022-12-16,8.689655172413794,False,False,ledoit_wolf,True,252,False,,,0.002483638815112,0.6772758798550387,272.694997249221,True,False,0.0,0.002483638815112,6.772758798550389e-07,1e-06,symmetrized,0.0400854784923999,252,29,
2022-12-23,8.689655172413794,False,False,ledoit_wolf,True,252,False,,,0.0024922544050034,0.6741351147515335,270.49209478701016,True,False,0.0,0.0024922544050034,6.741351147515339e-07,1e-06,symmetrized,0.040261521279679,252,29,
2022-12-30,8.689655172413794,False,False,ledoit_wolf,True,252,False,,,0.0024742181507711,0.6781726903525176,274.09575430571675,True,False,0.0,0.0024742181507711,6.781726903525166e-07,1e-06,symmetrized,0.0399574624344012,252,29,
2023-01-06,8.689655172413794,False,False,ledoit_wolf,True,252,False,,,0.0025151239911781,0.6694162273987116,266.1563524290227,True,False,0.0,0.0025151239911781,6.694162273987117e-07,1e-06,symmetrized,0.0406706642577192,252,29,
2023-01-13,8.689655172413794,False,False,ledoit_wolf,True,252,False,,,0.0025239694327629,0.6667083923402366,264.1507395794446,True,False,0.0,0.0025239694327629,6.667083923402369e-07,1e-06,symmetrized,0.040872879149065,252,29,
2023-01-20,8.689655172413794,False,False,ledoit_wolf,True,252,False,,,0.0025306191101886,0.6636534187524754,262.24942982550016,True,False,0.0,0.0025306191101886,6.636534187524756e-07,1e-06,symmetrized,0.0412018509358171,252,29,
2023-02-03,8.689655172413794,False,False,ledoit_wolf,True,252,False,,,0.0025485672123008,0.6607203072332035,259.2516705245983,True,False,0.0,0.0025485672123008,6.607203072332036e-07,1e-06,symmetrized,0.0415591697692095,252,29,
2023-02-10,8.689655172413794,False,False,ledoit_wolf,True,252,False,,,0.0025259118976315,0.6624370091960843,262.2565774432678,True,False,0.0,0.0025259118976315,6.624370091960841e-07,1e-06,symmetrized,0.041348466794785,252,29,
2023-02-17,8.689655172413794,False,False,ledoit_wolf,True,252,False,,,0.0025887211462371,0.6409164725934933,247.58034426577785,True,False,0.0,0.0025887211462371,6.409164725934927e-07,1e-06,symmetrized,0.0430435416057739,252,29,
2023-02-24,8.689655172413794,False,False,ledoit_wolf,True,252,False,,,0.0025205486749389,0.642812804999185,255.0289194533272,True,False,0.0,0.0025205486749389,6.428128049991847e-07,1e-06,symmetrized,0.0425166847396056,252,29,
2023-03-03,8.689655172413794,False,False,ledoit_wolf,True,252,False,,,0.002513645744249,0.6394978150795374,254.41047790550755,True,False,0.0,0.002513645744249,6.394978150795371e-07,1e-06,symmetrized,0.0428689883610128,252,29,
2023-03-10,8.689655172413794,False,False,ledoit_wolf,True,252,False,,,0.0024884138908886,0.6308510707827182,253.51533082683557,True,False,0.0,0.0024884138908886,6.308510707827182e-07,1e-06,symmetrized,0.0431955247579959,252,29,
2023-03-17,8.689655172413794,False,False,ledoit_wolf,True,252,False,,,0.0024460975007596,0.6380243280338893,260.8335635990629,True,False,0.0,0.0024460975007596,6.380243280338894e-07,1e-06,symmetrized,0.0425171919798508,252,29,
2023-03-24,8.689655172413794,False,False,ledoit_wolf,True,252,False,,,0.0022262345569048,0.6280728969626768,282.12341552899426,True,False,0.0,0.0022262345569048,6.280728969626768e-07,1e-06,symmetrized,0.0403261724216781,252,29,
2023-03-31,8.689655172413794,False,False,ledoit_wolf,True,252,False,,,0.0021619077727393,0.5507075511392119,254.73221294791912,True,False,0.0,0.0021619077727393,5.507075511392121e-07,1e-06,symmetrized,0.0417425312365613,252,29,
2023-04-07,8.689655172413794,False,False,ledoit_wolf,True,252,False,,,0.0021584752794415,0.5555165044902721,257.365238222229,True,False,0.0,0.0021584752794415,5.555165044902718e-07,1e-06,symmetrized,0.0416114299186143,252,29,
2023-04-14,8.689655172413794,False,False,ledoit_wolf,True,252,False,,,0.0021531077833585,0.5501147207942132,255.4979945946331,True,False,0.0,0.0021531077833585,5.501147207942133e-07,1e-06,symmetrized,0.0419609359302276,252,29,
2023-04-21,8.689655172413794,False,False,ledoit_wolf,True,252,False,,,0.0021780387993439,0.543975243992592,249.754616013474,True,False,0.0,0.0021780387993439,5.439752439925916e-07,1e-06,symmetrized,0.0426689923739398,252,29,
2023-04-28,8.689655172413794,False,False,ledoit_wolf,True,252,False,,,0.0021870090495037,0.5332592906327185,243.83039967471592,True,False,0.0,0.0021870090495037,5.332592906327184e-07,1e-06,symmetrized,0.0432316302549815,252,29,
2023-05-05,8.689655172413794,False,False,ledoit_wolf,True,252,False,,,0.0021732161585508,0.5362432504228059,246.75099543728325,True,False,0.0,0.0021732161585508,5.362432504228056e-07,1e-06,symmetrized,0.0430021823944935,252,29,
2023-05-12,8.689655172413794,False,False,ledoit_wolf,True,252,False,,,0.0018520687474964,0.4720179994908557,254.8598696073884,True,False,0.0,0.0018520687474964,4.720179994908557e-07,1e-06,symmetrized,0.0390342343746972,252,29,
2023-05-19,8.689655172413794,False,False,ledoit_wolf,True,252,False,,,0.0017269975556415,0.4310518794348773,249.59611438172723,True,False,0.0,0.0017269975556415,4.3105187943487706e-07,1e-06,symmetrized,0.0382533740249903,252,29,
2023-05-26,8.689655172413794,False,False,ledoit_wolf,True,252,False,,,0.0017123234183753,0.4273087623556566,249.5490967244321,True,False,0.0,0.0017123234183753,4.273087623556563e-07,1e-06,symmetrized,0.0385562174787694,252,29,
2023-06-02,8.689655172413794,False,False,ledoit_wolf,True,252,False,,,0.0017233372894243,0.4222343122038995,245.0096767446678,True,False,0.0,0.0017233372894243,4.222343122038992e-07,1e-06,symmetrized,0.0390623890484465,252,29,
2023-06-09,8.689655172413794,False,False,ledoit_wolf,True,252,False,,,0.0017407941152884,0.4116487876696134,236.471840095458,True,False,0.0,0.0017407941152884,4.1164878766961364e-07,1e-06,symmetrized,0.0397738530022149,252,29,
2023-06-16,8.689655172413794,False,False,ledoit_wolf,True,252,False,,,0.0017680143913111,0.3976785934405095,224.9295002319429,True,False,0.0,0.0017680143913111,3.976785934405096e-07,1e-06,symmetrized,0.0410120918754175,252,29,
2023-06-21,8.689655172413794,False,False,ledoit_wolf,True,252,False,,,0.00178883079742,0.3936261857259774,220.04662838636096,True,False,0.0,0.00178883079742,3.936261857259778e-07,1e-06,symmetrized,0.0416941917113636,252,29,
2023-06-30,8.689655172413794,False,False,ledoit_wolf,True,252,False,,,0.0017419151589809,0.3986229322873318,228.84176088147177,True,False,0.0,0.0017419151589809,3.986229322873324e-07,1e-06,symmetrized,0.0409931004202339,252,29,
2023-07-07,8.689655172413794,False,False,ledoit_wolf,True,252,False,,,0.0017280095740859,0.3925105698157971,227.14606197909552,True,False,0.0,0.0017280095740859,3.92510569815797e-07,1e-06,symmetrized,0.0414914536486603,252,29,
2023-07-14,8.689655172413794,False,False,ledoit_wolf,True,252,False,,,0.0017123744446865,0.3847765016394707,224.7034828354404,True,False,0.0,0.0017123744446865,3.84776501639471e-07,1e-06,symmetrized,0.0419596571425961,252,29,
2023-07-21,8.689655172413794,False,False,ledoit_wolf,True,252,False,,,0.0016704646798806,0.3817811969885506,228.5479014233486,True,False,0.0,0.0016704646798806,3.817811969885509e-07,1e-06,symmetrized,0.0416226008094241,252,29,
2023-07-28,8.689655172413794,False,False,ledoit_wolf,True,252,False,,,0.0016767362437895,0.379621732160062,226.4051567836844,True,False,0.0,0.0016767362437895,3.796217321600622e-07,1e-06,symmetrized,0.0420628144588571,252,29,
2023-08-04,8.689655172413794,False,False,ledoit_wolf,True,252,False,,,0.001687023045862,0.370769169390476,219.77718105268352,True,False,0.0,0.001687023045862,3.7076916939047645e-07,1e-06,symmetrized,0.0429190150030582,252,29,
2023-08-11,8.689655172413794,False,False,ledoit_wolf,True,252,False,,,0.0016854026039666,0.3658537223613207,217.07200493239696,True,False,0.0,0.0016854026039666,3.658537223613204e-07,1e-06,symmetrized,0.0434659990873912,252,29,
2023-08-18,8.689655172413794,False,False,ledoit_wolf,True,252,False,,,0.0016572067560753,0.3670182975830881,221.4680191458246,True,False,0.0,0.0016572067560753,3.670182975830885e-07,1e-06,symmetrized,0.043047794742662,252,29,
2023-08-25,8.689655172413794,False,False,ledoit_wolf,True,252,False,,,0.0016177833533584,0.3608077424513441,223.0259952312641,True,False,0.0,0.0016177833533584,3.60807742451344e-07,1e-06,symmetrized,0.0426005026005133,252,29,
2023-09-01,8.689655172413794,False,False,ledoit_wolf,True,252,False,,,0.0015834051872083,0.3736895195811328,236.0037232415382,True,False,0.0,0.0015834051872083,3.736895195811329e-07,1e-06,symmetrized,0.0411419109150063,252,29,
2023-09-08,8.689655172413794,False,False,ledoit_wolf,True,252,False,,,0.0015635044006347,0.3704766649604999,236.9527484604993,True,False,0.0,0.0015635044006347,3.7047666496050004e-07,1e-06,symmetrized,0.0412239491578187,252,29,
2023-09-15,8.689655172413794,False,False,ledoit_wolf,True,252,False,,,0.0015430059772466,0.3674946895241595,238.1680271776508,True,False,0.0,0.0015430059772466,3.674946895241595e-07,1e-06,symmetrized,0.0412185211285896,252,29,
2023-09-22,8.689655172413794,False,False,ledoit_wolf,True,252,False,,,0.001519826161893,0.3679384443063686,242.0924534211631,True,False,0.0,0.001519826161893,3.679384443063688e-07,1e-06,symmetrized,0.041064554498856,252,29,
2023-09-28,8.689655172413794,False,False,ledoit_wolf,True,252,False,,,0.0014890178678855,0.3670278566589626,246.48989416101853,True,False,0.0,0.0014890178678855,3.670278566589623e-07,1e-06,symmetrized,0.0408679394971028,252,29,
2023-10-13,8.689655172413794,False,False,ledoit_wolf,True,252,False,,,0.0015010039500962,0.3599273996853892,239.7911075865698,True,False,0.0,0.0015010039500962,3.5992739968538895e-07,1e-06,symmetrized,0.0415895511769889,252,29,
2023-10-20,8.689655172413794,False,False,ledoit_wolf,True,252,False,,,0.0014833997820409,0.3497114802697145,235.74998763216635,True,False,0.0,0.0014833997820409,3.497114802697143e-07,1e-06,symmetrized,0.0420720469699227,252,29,
2023-10-27,8.689655172413794,False,False,ledoit_wolf,True,252,False,,,0.0013414948042884,0.3430823499089658,255.74631285354067,True,False,0.0,0.0013414948042884,3.430823499089657e-07,1e-06,symmetrized,0.0392603114430674,252,29,
2023-11-03,8.689655172413794,False,False,ledoit_wolf,True,252,False,,,0.0013189205410802,0.336972594649327,255.49120220186427,True,False,0.0,0.0013189205410802,3.369725946493268e-07,1e-06,symmetrized,0.0393109026951925,252,29,
2023-11-10,8.689655172413794,False,False,ledoit_wolf,True,252,False,,,0.001254884748451,0.341837672873981,272.40563190836474,True,False,0.0,0.001254884748451,3.418376728739812e-07,1e-06,symmetrized,0.0376913465404679,252,29,
2023-11-17,8.689655172413794,False,False,ledoit_wolf,True,252,False,,,0.0012095888633399,0.3250604951279854,268.736349167788,True,False,0.0,0.0012095888633399,3.250604951279855e-07,1e-06,symmetrized,0.037693357816246,252,29,
2023-11-24,8.689655172413794,False,False,ledoit_wolf,True,252,False,,,0.0011662838510884,0.3161345571185232,271.06142027388887,True,False,0.0,0.0011662838510884,3.161345571185231e-07,1e-06,symmetrized,0.0373079986372443,252,29,
2023-12-01,8.689655172413794,False,False,ledoit_wolf,True,252,False,,,0.0011054561143292,0.2984997726485591,270.02408216781544,True,False,0.0,0.0011054561143292,2.984997726485589e-07,1e-06,symmetrized,0.0367895359046257,252,29,
2023-12-08,8.689655172413794,False,False,ledoit_wolf,True,252,False,,,0.0010965958000653,0.3025784686237723,275.9252484878696,True,False,0.0,0.0010965958000653,3.025784686237723e-07,1e-06,symmetrized,0.0363706855207786,252,29,
2023-12-15,8.689655172413794,False,False,ledoit_wolf,True,252,False,,,0.0010967430792304,0.2983543271942976,272.0366627739602,True,False,0.0,0.0010967430792304,2.983543271942975e-07,1e-06,symmetrized,0.0366850825793972,252,29,
2023-12-22,2.1333333333333333,True,False,ledoit_wolf,True,252,False,,,0.0025961258080412,0.2751064230926462,105.96806296541074,True,False,0.0,0.0025961258080412,2.751064230926462e-07,1e-06,symmetrized,0.1064911269072201,64,30,
2023-12-29,2.3,True,False,ledoit_wolf,True,252,False,,,0.0025399545614979,0.2971226828444216,116.9795268578302,True,False,0.0,0.0025399545614979,2.9712268284442175e-07,1e-06,symmetrized,0.1008339666762812,69,30,
2024-01-05,2.433333333333333,True,False,ledoit_wolf,True,252,False,,,0.0024391090211233,0.2950805471275755,120.97882651906949,True,False,0.0,0.0024391090211233,2.950805471275756e-07,1e-06,symmetrized,0.0967928114410839,73,30,
2024-01-12,2.6,True,False,ledoit_wolf,True,252,False,,,0.0021373524661276,0.3225742554750236,150.92234930228832,True,False,0.0,0.0021373524661276,3.225742554750236e-07,1e-06,symmetrized,0.0822351517732957,78,30,
2024-01-19,2.7666666666666666,True,False,ledoit_wolf,True,252,False,,,0.0019901844765276,0.3417006009446026,171.6929284569511,True,False,0.0,0.0019901844765276,3.417006009446026e-07,1e-06,symmetrized,0.0749415271984893,83,30,
2024-01-26,2.933333333333333,True,False,ledoit_wolf,True,252,False,,,0.0023632871562268,0.3959421020709703,167.5387186985438,True,False,0.0,0.0023632871562268,3.959421020709702e-07,1e-06,symmetrized,0.079532942966776,88,30,
2024-02-02,3.1,False,False,ledoit_wolf,True,252,False,,,0.0021424746978532,0.4328175828838849,202.01759363485797,True,False,0.0,0.0021424746978532,4.3281758288388454e-07,1e-06,symmetrized,0.0685324702559281,93,30,
2024-02-08,3.2333333333333334,False,False,ledoit_wolf,True,252,False,,,0.0033077344043054,0.5803843757440474,175.46281073492497,True,False,0.0,0.0033077344043054,5.803843757440479e-07,1e-06,symmetrized,0.0870308012569827,97,30,
2024-02-23,3.4,False,False,ledoit_wolf,True,252,False,,,0.0032913519095206,0.5936290206870232,180.3602401098109,True,False,0.0,0.0032913519095206,5.93629020687023e-07,1e-06,symmetrized,0.0828642342499352,102,30,
2024-03-01,3.566666666666667,False,False,ledoit_wolf,True,252,False,,,0.0028298934307882,0.6726779767575467,237.70434937197115,True,False,0.0,0.0028298934307882,6.726779767575471e-07,1e-06,symmetrized,0.0671645422119808,107,30,
2024-03-08,3.733333333333333,False,False,ledoit_wolf,True,252,False,,,0.0027049355198793,0.6566471950874888,242.75890876570276,True,False,0.0,0.0027049355198793,6.566471950874885e-07,1e-06,symmetrized,0.0653315757432708,112,30,
2024-03-15,3.9,False,False,ledoit_wolf,True,252,False,,,0.0025960719629882,0.6485978168143793,249.83815012115147,True,False,0.0,0.0025960719629882,6.485978168143792e-07,1e-06,symmetrized,0.0628322662404935,117,30,
2024-03-22,4.066666666666666,False,False,ledoit_wolf,True,252,False,,,0.0024657772737828,0.6365597395559006,258.157841879744,True,False,0.0,0.0024657772737828,6.365597395559001e-07,1e-06,symmetrized,0.0606252256113781,122,30,
2024-03-29,4.233333333333333,False,False,ledoit_wolf,True,252,False,,,0.0022708859620482,0.6536495398042057,287.83899796300085,True,False,0.0,0.0022708859620482,6.53649539804206e-07,1e-06,symmetrized,0.055311071674666,127,30,
2024-04-03,4.333333333333333,False,False,ledoit_wolf,True,252,False,,,0.00218562095265,0.6515901340891717,298.12586363573706,True,False,0.0,0.00218562095265,6.515901340891714e-07,1e-06,symmetrized,0.0535098790186078,130,30,
2024-04-12,4.5,False,False,ledoit_wolf,True,252,False,,,0.0021121683028004,0.6443500051629083,305.0656542419357,True,False,0.0,0.0021121683028004,6.443500051629082e-07,1e-06,symmetrized,0.0519907312403998,135,30,
2024-04-19,4.666666666666667,False,False,ledoit_wolf,True,252,False,,,0.0020350398117932,0.6619525107662989,325.2774254981181,True,False,0.0,0.0020350398117932,6.619525107662995e-07,1e-06,symmetrized,0.0487899134825238,140,30,
2024-04-26,4.833333333333333,False,False,ledoit_wolf,True,252,False,,,0.0020175880527805,0.6484824746399525,321.4147078965196,True,False,0.0,0.0020175880527805,6.484824746399528e-07,1e-06,symmetrized,0.0483497863797062,145,30,
2024-04-30,4.9,False,False,ledoit_wolf,True,252,False,,,0.0019215842689481,0.6681503806426736,347.7080820444052,True,False,0.0,0.0019215842689481,6.681503806426732e-07,1e-06,symmetrized,0.0453092022306071,147,30,
2024-05-10,5.066666666666666,False,False,ledoit_wolf,True,252,False,,,0.0018335115974325,0.6641007658392726,362.2015627112536,True,False,0.0,0.0018335115974325,6.641007658392721e-07,1e-06,symmetrized,0.0435131044296831,152,30,
2024-05-17,5.233333333333333,False,False,ledoit_wolf,True,252,False,,,0.0017971316515153,0.6474246619626876,360.2544429156119,True,False,0.0,0.0017971316515153,6.474246619626874e-07,1e-06,symmetrized,0.0433720772356644,157,30,
2024-05-24,5.4,False,False,ledoit_wolf,True,252,False,,,0.0017588862169839,0.6403718628344591,364.0780493081307,True,False,0.0,0.0017588862169839,6.403718628344585e-07,1e-06,symmetrized,0.0424682501956005,162,30,
2024-05-31,5.566666666666666,False,False,ledoit_wolf,True,252,False,,,0.0017170900497404,0.6303660346344636,367.1129739117332,True,False,0.0,0.0017170900497404,6.303660346344633e-07,1e-06,symmetrized,0.0417228911518731,167,30,
2024-06-07,5.733333333333333,False,False,ledoit_wolf,True,252,False,,,0.0016944019413232,0.6145888293011483,362.7172598853324,True,False,0.0,0.0016944019413232,6.145888293011475e-07,1e-06,symmetrized,0.0416974454039976,172,30,
2024-06-14,5.866666666666666,False,False,ledoit_wolf,True,252,False,,,0.001698566883081,0.6023103219163255,354.5991199497548,True,False,0.0,0.001698566883081,6.023103219163259e-07,1e-06,symmetrized,0.0419634213587343,176,30,
2024-06-21,6.033333333333333,False,False,ledoit_wolf,True,252,False,,,0.0016663724960447,0.5896390174672899,353.84586511529375,True,False,0.0,0.0016663724960447,5.896390174672901e-07,1e-06,symmetrized,0.0417071618199444,181,30,
2024-06-28,6.2,False,False,ledoit_wolf,True,252,False,,,0.00156924630199,0.5994631693650944,382.0070619920468,True,False,0.0,0.00156924630199,5.994631693650942e-07,1e-06,symmetrized,0.0391430483893833,186,30,
2024-07-05,6.366666666666666,False,False,ledoit_wolf,True,252,False,,,0.001542887132671,0.5882286176625602,381.2518785118198,True,False,0.0,0.001542887132671,5.882286176625604e-07,1e-06,symmetrized,0.0389116834418289,191,30,
2024-07-12,6.533333333333333,False,False,ledoit_wolf,True,252,False,,,0.0014676901904846,0.5926724282151351,403.81303360718886,True,False,0.0,0.0014676901904846,5.92672428215135e-07,1e-06,symmetrized,0.0369475339576198,196,30,
2024-07-19,6.7,False,False,ledoit_wolf,True,252,False,,,0.001448233946707,0.5814424532462044,401.4837896655235,True,False,0.0,0.001448233946707,5.81442453246204e-07,1e-06,symmetrized,0.0367559943522238,201,30,
2024-07-26,6.866666666666666,False,False,ledoit_wolf,True,252,False,,,0.0014268274690298,0.5826590372025704,408.3598401695501,True,False,0.0,0.0014268274690298,5.826590372025704e-07,1e-06,symmetrized,0.0358852822581467,206,30,
2024-08-02,7.033333333333333,False,False,ledoit_wolf,True,252,False,,,0.0013938223765694,0.5926121405144429,425.170488346596,True,False,0.0,0.0013938223765694,5.926121405144426e-07,1e-06,symmetrized,0.0347177652685618,211,30,
2024-08-09,7.2,False,False,ledoit_wolf,True,252,False,,,0.0015709007304576,0.5972496500112534,380.1956663660365,True,False,0.0,0.0015709007304576,5.972496500112532e-07,1e-06,symmetrized,0.0376782277997402,216,30,
2024-08-16,7.366666666666666,False,False,ledoit_wolf,True,252,False,,,0.0015416959641734,0.5874611085046784,381.0486127980628,True,False,0.0,0.0015416959641734,5.874611085046784e-07,1e-06,symmetrized,0.0373873112027352,221,30,
2024-08-23,7.533333333333333,False,False,ledoit_wolf,True,252,False,,,0.0015178722250108,0.5781693081446984,380.9077593079737,True,False,0.0,0.0015178722250108,5.781693081446985e-07,1e-06,symmetrized,0.0371512471762293,226,30,
2024-08-30,7.7,False,False,ledoit_wolf,True,252,False,,,0.0014862932967344,0.5687809411730667,382.6841865079684,True,False,0.0,0.0014862932967344,5.687809411730666e-07,1e-06,symmetrized,0.0368635834597002,231,30,
2024-09-06,7.866666666666666,False,False,ledoit_wolf,True,252,False,,,0.0014344807453025,0.576458569435919,401.8587013619001,True,False,0.0,0.0014344807453025,5.764585694359194e-07,1e-06,symmetrized,0.0352438005076438,236,30,
2024-09-13,8.033333333333333,False,False,ledoit_wolf,True,252,False,,,0.0014129825990598,0.5676693065827672,401.7525105832791,True,False,0.0,0.0014129825990598,5.676693065827671e-07,1e-06,symmetrized,0.0350226615322835,241,30,
2024-09-20,8.133333333333333,False,False,ledoit_wolf,True,252,False,,,0.0013981366573387,0.564233098194125,403.5607644163386,True,False,0.0,0.0013981366573387,5.642330981941246e-07,1e-06,symmetrized,0.0347543247458261,244,30,
2024-09-27,8.3,False,False,ledoit_wolf,True,252,False,,,0.0014939749356823,0.6093253237753273,407.8551180626365,True,False,0.0,0.0014939749356823,6.09325323775327e-07,1e-06,symmetrized,0.0354334875207584,249,30,
2024-09-30,8.333333333333334,False,False,ledoit_wolf,True,252,False,,,0.0018514838030667,0.6739444031481641,364.0023218306648,True,False,0.0,0.0018514838030667,6.739444031481637e-07,1e-06,symmetrized,0.0414152125477212,250,30,
2024-10-11,8.4,False,False,ledoit_wolf,True,252,False,,,0.0051454506945152,0.947378078660228,184.11955237858396,True,False,0.0,0.0051454506945152,9.47378078660228e-07,1e-06,symmetrized,0.085919059543671,252,30,
2024-10-18,8.4,False,False,ledoit_wolf,True,252,False,,,0.0050169231988735,0.9823452669339772,195.8063195295767,True,False,0.0,0.0050169231988735,9.82345266933978e-07,1e-06,symmetrized,0.0817432400639238,252,30,
2024-10-25,8.4,False,False,ledoit_wolf,True,252,False,,,0.0048291748555156,1.0369825263854056,214.7328596314997,True,False,0.0,0.0048291748555156,1.0369825263854054e-06,1e-06,symmetrized,0.0761564721178037,252,30,
2024-11-01,8.4,False,False,ledoit_wolf,True,252,False,,,0.0047998861413591,1.0424632263839684,217.18499057745925,True,False,0.0,0.0047998861413591,1.0424632263839685e-06,1e-06,symmetrized,0.0753560261869477,252,30,
2024-11-08,8.4,False,False,ledoit_wolf,True,252,False,,,0.0046617371412099,1.0732768626340343,230.231098434578,True,False,0.0,0.0046617371412099,1.073276862634034e-06,1e-06,symmetrized,0.0715779579584064,252,30,
2024-11-15,8.4,False,False,ledoit_wolf,True,252,False,,,0.0046039812821237,1.093036363016799,237.41112225213075,True,False,0.0,0.0046039812821237,1.093036363016799e-06,1e-06,symmetrized,0.0697724052013299,252,30,
2024-11-22,8.4,False,False,ledoit_wolf,True,252,False,,,0.0045577837293328,1.106118927858632,242.68789252546333,True,False,0.0,0.0045577837293328,1.1061189278586322e-06,1e-06,symmetrized,0.0686287464570008,252,30,
2024-11-29,8.4,False,False,ledoit_wolf,True,252,False,,,0.0044439976988048,1.1342531232660158,255.2326081471789,True,False,0.0,0.0044439976988048,1.1342531232660158e-06,1e-06,symmetrized,0.0660133856412536,252,30,
2024-12-06,8.4,False,False,ledoit_wolf,True,252,False,,,0.004407782856665,1.138922156696582,258.388898394669,True,False,0.0,0.004407782856665,1.1389221566965814e-06,1e-06,symmetrized,0.0653812555360478,252,30,
2024-12-13,8.4,False,False,ledoit_wolf,True,252,False,,,0.0043924423843582,1.1392678640354066,259.3700188515651,True,False,0.0,0.0043924423843582,1.1392678640354066e-06,1e-06,symmetrized,0.0651252503846696,252,30,
2024-12-20,8.4,False,False,ledoit_wolf,True,252,False,,,0.0043818543999117,1.143743964186705,261.0182493078121,True,False,0.0,0.0043818543999117,1.1437439641867068e-06,1e-06,symmetrized,0.0646617999400328,252,30,
2024-12-27,8.4,False,False,ledoit_wolf,True,252,False,,,0.0043757010918311,1.147818546318654,262.3164887705596,True,False,0.0,0.0043757010918311,1.147818546318654e-06,1e-06,symmetrized,0.0643046728844802,252,30,
2025-01-03,8.4,False,False,ledoit_wolf,True,252,False,,,0.0043055785830697,1.168293280054578,271.34408477608685,True,False,0.0,0.0043055785830697,1.1682932800545786e-06,1e-06,symmetrized,0.0626458202828806,252,30,
2025-01-10,8.4,False,False,ledoit_wolf,True,252,False,,,0.0042904291135527,1.174684946973999,273.7919485170771,True,False,0.0,0.0042904291135527,1.174684946973999e-06,1e-06,symmetrized,0.0621110022137386,252,30,
2025-01-17,8.4,False,False,ledoit_wolf,True,252,False,,,0.0042603886526656,1.1855061828141649,278.2624496176907,True,False,0.0,0.0042603886526656,1.1855061828141646e-06,1e-06,symmetrized,0.0612445083132043,252,30,
2025-01-24,8.4,False,False,ledoit_wolf,True,252,False,,,0.0043011577229408,1.1739775248424469,272.944542019665,True,False,0.0,0.0043011577229408,1.1739775248424464e-06,1e-06,symmetrized,0.062054666201675,252,30,
2025-01-27,8.4,False,False,ledoit_wolf,True,252,False,,,0.0042879139822862,1.1751110909736877,274.0519273073512,True,False,0.0,0.0042879139822862,1.1751110909736872e-06,1e-06,symmetrized,0.0618539281387943,252,30,
2025-02-07,8.4,False,False,ledoit_wolf,True,252,False,,,0.0043005441828005,1.1823760698238914,274.93638469118457,True,False,0.0,0.0043005441828005,1.1823760698238912e-06,1e-06,symmetrized,0.0612945109579301,252,30,
2025-02-14,8.4,False,False,ledoit_wolf,True,252,False,,,0.0043494056977754,1.1593772972445897,266.55993434633456,True,False,0.0,0.0043494056977754,1.15937729724459e-06,1e-06,symmetrized,0.0627918793694211,252,30,
2025-02-21,8.4,False,False,ledoit_wolf,True,252,False,,,0.0044077858485419,1.1478350194864704,260.4107955621668,True,False,0.0,0.0044077858485419,1.1478350194864696e-06,1e-06,symmetrized,0.0639021067860278,252,30,
2025-02-28,8.4,False,False,ledoit_wolf,True,252,False,,,0.0044387678464199,1.126172734759313,253.71291622462755,True,False,0.0,0.0044387678464199,1.1261727347593128e-06,1e-06,symmetrized,0.0652883523468004,252,30,
2025-03-07,8.4,False,False,ledoit_wolf,True,252,False,,,0.004542728341482,1.089458940874887,239.824805486708,True,False,0.0,0.004542728341482,1.0894589408748862e-06,1e-06,symmetrized,0.0684419766115876,252,30,
2025-03-14,8.4,False,False,ledoit_wolf,True,252,False,,,0.004619335666601,1.0791986690945814,233.6263798488272,True,False,0.0,0.004619335666601,1.0791986690945815e-06,1e-06,symmetrized,0.069916360735036,252,30,
2025-03-21,8.4,False,False,ledoit_wolf,True,252,False,,,0.0047373557383833,1.0530423385132834,222.28483497264932,True,False,0.0,0.0047373557383833,1.0530423385132835e-06,1e-06,symmetrized,0.0727413363338628,252,30,
2025-03-28,8.4,False,False,ledoit_wolf,True,252,False,,,0.004762858676028,1.0479732836317432,220.03031265787936,True,False,0.0,0.004762858676028,1.0479732836317431e-06,1e-06,symmetrized,0.0735137925362546,252,30,
2025-04-03,8.4,False,False,ledoit_wolf,True,252,False,,,0.0047943297223925,1.045410237437594,218.05138527600167,True,False,0.0,0.0047943297223925,1.045410237437594e-06,1e-06,symmetrized,0.0739830866388804,252,30,
2025-04-11,8.4,False,False,ledoit_wolf,True,252,False,,,0.0060995063455145,1.1711649975650582,192.00980066629705,True,False,0.0,0.0060995063455145,1.171164997565057e-06,1e-06,symmetrized,0.0830255707267162,252,30,
2025-04-18,8.4,False,False,ledoit_wolf,True,252,False,,,0.0061967913454089,1.1553939320827555,186.45035271984108,True,False,0.0,0.0061967913454089,1.1553939320827551e-06,1e-06,symmetrized,0.0848279753429375,252,30,
2025-04-25,8.4,False,False,ledoit_wolf,True,252,False,,,0.0062362472717007,1.1488511166020117,184.2215464764113,True,False,0.0,0.0062362472717007,1.1488511166020111e-06,1e-06,symmetrized,0.0855535613367734,252,30,
2025-04-30,8.4,False,False,ledoit_wolf,True,252,False,,,0.0062182828997059,1.14793204800691,184.60595417123827,True,False,0.0,0.0062182828997059,1.14793204800691e-06,1e-06,symmetrized,0.0856701946830363,252,30,
2025-05-09,8.4,False,False,ledoit_wolf,True,252,False,,,0.0063018889962042,1.1299841378908702,179.30879750047535,True,False,0.0,0.0063018889962042,1.1299841378908698e-06,1e-06,symmetrized,0.0877886359897423,252,30,
2025-05-16,8.4,False,False,ledoit_wolf,True,252,False,,,0.0062936194897844,1.1300337130014553,179.55227748288166,True,False,0.0,0.0062936194897844,1.1300337130014546e-06,1e-06,symmetrized,0.0878395663683286,252,30,
2025-05-23,8.4,False,False,ledoit_wolf,True,252,False,,,0.0063575057783391,1.1182369348712058,175.89239772006053,True,False,0.0,0.0063575057783391,1.118236934871206e-06,1e-06,symmetrized,0.0893666396859526,252,30,
2025-05-30,8.4,False,False,ledoit_wolf,True,252,False,,,0.0063532470525577,1.1166677319927567,175.7633101239455,True,False,0.0,0.0063532470525577,1.1166677319927571e-06,1e-06,symmetrized,0.08956621901291,252,30,
2025-06-06,8.4,False,False,ledoit_wolf,True,252,False,,,0.0063294143125187,1.1160866130421048,176.33331583850148,True,False,0.0,0.0063294143125187,1.116086613042104e-06,1e-06,symmetrized,0.0895785243713593,252,30,
2025-06-13,8.4,False,False,ledoit_wolf,True,252,False,,,0.0063762411059054,1.1069165772262806,173.60017584672255,True,False,0.0,0.0063762411059054,1.106916577226281e-06,1e-06,symmetrized,0.0907789266043544,252,30,
2025-06-20,8.4,False,False,ledoit_wolf,True,252,False,,,0.0063556395589262,1.110145529990194,174.6709390451578,True,False,0.0,0.0063556395589262,1.1101455299901945e-06,1e-06,symmetrized,0.0904840363670182,252,30,
2025-06-27,8.4,False,False,ledoit_wolf,True,252,False,,,0.0062984663570179,1.1182379324441545,177.54130435231758,True,False,0.0,0.0062984663570179,1.1182379324441548e-06,1e-06,symmetrized,0.0894356524616037,252,30,
2025-07-04,8.4,False,False,ledoit_wolf,True,252,False,,,0.0062780987315298,1.1204543254512855,178.47032570930128,True,False,0.0,0.0062780987315298,1.1204543254512855e-06,1e-06,symmetrized,0.0891609279398829,252,30,
2025-07-11,8.4,False,False,ledoit_wolf,True,252,False,,,0.0063432244031744,1.1066257013517735,174.4579146211455,True,False,0.0,0.0063432244031744,1.1066257013517735e-06,1e-06,symmetrized,0.0909166630527573,252,30,
2025-07-18,8.4,False,False,ledoit_wolf,True,252,False,,,0.0063544170963291,1.1027434104121014,173.53966440905089,True,False,0.0,0.0063544170963291,1.1027434104121014e-06,1e-06,symmetrized,0.0913212993057275,252,30,
2025-07-25,8.4,False,False,ledoit_wolf,True,252,False,,,0.0064277110223049,1.0946131389287397,170.29594752008882,True,False,0.0,0.0064277110223049,1.0946131389287402e-06,1e-06,symmetrized,0.0924628194974691,252,30,
2025-08-01,8.4,False,False,ledoit_wolf,True,252,False,,,0.0064336100849046,1.093456389492117,169.96000302500696,True,False,0.0,0.0064336100849046,1.0934563894921171e-06,1e-06,symmetrized,0.0926554385669464,252,30,
2025-08-08,8.4,False,False,ledoit_wolf,True,252,False,,,0.0065012748574184,1.0807270622225098,166.2330982652295,True,False,0.0,0.0065012748574184,1.0807270622225096e-06,1e-06,symmetrized,0.0944305220560156,252,30,
2025-08-15,8.4,False,False,ledoit_wolf,True,252,False,,,0.0065656326984225,1.0668226701167316,162.4858896497576,True,False,0.0,0.0065656326984225,1.0668226701167317e-06,1e-06,symmetrized,0.0964360726381526,252,30,
2025-08-22,8.4,False,False,ledoit_wolf,True,252,False,,,0.0064783448450943,1.0554197475756926,162.91503043017138,True,False,0.0,0.0064783448450943,1.0554197475756926e-06,1e-06,symmetrized,0.0974765520310031,252,30,
2025-08-29,8.4,False,False,ledoit_wolf,True,252,False,,,0.0062859987091755,1.090537387950249,173.48673431294378,True,False,0.0,0.0062859987091755,1.090537387950248e-06,1e-06,symmetrized,0.0924102638054457,252,30,
2025-09-05,8.4,False,False,ledoit_wolf,True,252,False,,,0.0062047007643037,1.1127141229871476,179.3340509487095,True,False,0.0,0.0062047007643037,1.1127141229871478e-06,1e-06,symmetrized,0.0897475273506114,252,30,
2025-09-12,8.4,False,False,ledoit_wolf,True,252,False,,,0.0060392484599482,1.1435695046025915,189.3562604994035,True,False,0.0,0.0060392484599482,1.1435695046025918e-06,1e-06,symmetrized,0.0858427447213999,252,30,
2025-09-19,8.4,False,False,ledoit_wolf,True,252,False,,,0.0061270508536563,1.1259671566962983,183.7698402689711,True,False,0.0,0.0061270508536563,1.1259671566962987e-06,1e-06,symmetrized,0.0881092556277792,252,30,
2025-09-26,8.4,False,False,ledoit_wolf,True,252,False,,,0.0061252376698821,1.1282635721893453,184.19914997536105,True,False,0.0,0.0061252376698821,1.1282635721893454e-06,1e-06,symmetrized,0.0877644541867116,252,30,
2025-09-30,8.4,False,False,ledoit_wolf,True,252,False,,,0.0060934681409877,1.1329395839327745,185.92689051938157,True,False,0.0,0.0060934681409877,1.1329395839327742e-06,1e-06,symmetrized,0.0871433008317298,252,30,
2025-10-10,8.4,False,False,ledoit_wolf,True,252,False,,,0.0061053430787048,1.134523131870685,185.82463216978636,True,False,0.0,0.0061053430787048,1.134523131870685e-06,1e-06,symmetrized,0.086970748348973,252,30,
2025-10-17,8.4,False,False,ledoit_wolf,True,252,False,,,0.0062549390638891,1.1060779637738412,176.83273209797125,True,False,0.0,0.0062549390638891,1.1060779637738416e-06,1e-06,symmetrized,0.0901383856248975,252,30,
2025-10-24,8.4,False,False,ledoit_wolf,True,252,False,,,0.0043373062435753,0.772197888096573,178.0362844427668,True,False,0.0,0.0043373062435753,7.721978880965726e-07,1e-06,symmetrized,0.0821573332158035,252,30,
2025-10-31,8.4,False,False,ledoit_wolf,True,252,False,,,0.004459576804501,0.7466409256251383,167.42416564539403,True,False,0.0,0.004459576804501,7.466409256251379e-07,1e-06,symmetrized,0.0861423030373452,252,30,
2025-11-07,8.4,False,False,ledoit_wolf,True,252,False,,,0.0044973805966366,0.7091452642662688,157.67962017637572,True,False,0.0,0.0044973805966366,7.091452642662688e-07,1e-06,symmetrized,0.0895987407517656,252,30,
2025-11-14,8.4,False,False,ledoit_wolf,True,252,False,,,0.0045106490467908,0.7063925307690191,156.60551806210506,True,False,0.0,0.0045106490467908,7.063925307690193e-07,1e-06,symmetrized,0.0900965665410436,252,30,
2025-11-21,8.4,False,False,ledoit_wolf,True,252,False,,,0.004615971355725,0.6763587337265675,146.52576491569872,True,False,0.0,0.004615971355725,6.763587337265671e-07,1e-06,symmetrized,0.0944971946250617,252,30,
2025-11-28,8.4,False,False,ledoit_wolf,True,252,False,,,0.0046304652569546,0.6751449416839643,145.80499025879686,True,False,0.0,0.0046304652569546,6.751449416839643e-07,1e-06,symmetrized,0.0951967780882282,252,30,
2025-12-05,8.4,False,False,ledoit_wolf,True,252,False,,,0.0047797971485994,0.6573611247878033,137.52908425840107,True,False,0.0,0.0047797971485994,6.573611247878034e-07,1e-06,symmetrized,0.0993484485593146,252,30,
2025-12-12,8.4,False,False,ledoit_wolf,True,252,False,,,0.0049632898263965,0.6366005981590652,128.26182238510447,True,False,0.0,0.0049632898263965,6.366005981590654e-07,1e-06,symmetrized,0.1042687961311888,252,30,
2025-12-19,8.4,False,False,ledoit_wolf,True,252,False,,,0.0049129563998529,0.6463251104070487,131.5552302532942,True,False,0.0,0.0049129563998529,6.463251104070487e-07,1e-06,symmetrized,0.1019415654765487,252,30,
2025-12-26,8.4,False,False,ledoit_wolf,True,252,False,,,0.0050248443961734,0.6488750157414189,129.1333551016141,True,False,0.0,0.0050248443961734,6.488750157414189e-07,1e-06,symmetrized,0.1015947043437592,252,30,
2025-12-31,8.4,False,False,ledoit_wolf,True,252,False,,,0.0051697504442377,0.638317462761484,123.47162008041532,True,False,0.0,0.0051697504442377,6.383174627614838e-07,1e-06,symmetrized,0.1043157708480864,252,30,
2026-01-09,8.4,False,False,ledoit_wolf,True,252,False,,,0.0050843076172609,0.6546070872194132,128.75048806981255,True,False,0.0,0.0050843076172609,6.546070872194129e-07,1e-06,symmetrized,0.1012102423016222,252,30,
2026-01-16,8.4,False,False,ledoit_wolf,True,252,False,,,0.0051416177572507,0.6593137811990186,128.23080445240083,True,False,0.0,0.0051416177572508,6.593137811990184e-07,1e-06,symmetrized,0.100642197194704,252,30,
2026-01-23,8.4,False,False,ledoit_wolf,True,252,False,,,0.0053273283355272,0.6420999000610796,120.52943982802869,True,False,0.0,0.0053273283355272,6.420999000610796e-07,1e-06,symmetrized,0.1044685987819203,252,30,
2026-01-30,8.4,False,False,ledoit_wolf,True,252,False,,,0.0057107870210533,0.6253636651987944,109.50568860182103,True,False,0.0,0.0057107870210533,6.253636651987945e-07,1e-06,symmetrized,0.1090351856805745,252,30,
2026-02-06,8.4,False,False,ledoit_wolf,True,252,False,,,0.005899773895678,0.6705603964661424,113.65866020007446,True,False,0.0,0.005899773895678,6.705603964661426e-07,1e-06,symmetrized,0.1033513458154797,252,30,
2026-02-13,8.4,False,False,ledoit_wolf,True,252,False,,,0.0058948384716009,0.6700499788311769,113.66723313271706,True,False,0.0,0.0058948384716009,6.700499788311764e-07,1e-06,symmetrized,0.1023845334894702,252,30,
2026-02-27,8.4,False,False,ledoit_wolf,True,252,False,,,0.005875504540178,0.6744268988518374,114.78621014415806,True,False,0.0,0.005875504540178,6.744268988518376e-07,1e-06,symmetrized,0.1008116372491973,252,30,
2026-03-06,8.4,False,False,ledoit_wolf,True,252,False,,,0.0059572352819498,0.6914434209201599,116.0678382160257,True,False,0.0,0.0059572352819498,6.914434209201595e-07,1e-06,symmetrized,0.0987083080478061,252,30,
2026-03-13,8.4,False,False,ledoit_wolf,True,252,False,,,0.0061010685972583,0.6887263845680034,112.88618929436274,True,False,0.0,0.0061010685972583,6.887263845680032e-07,1e-06,symmetrized,0.0995800635201705,252,30,
2026-03-20,8.4,False,False,ledoit_wolf,True,252,False,,,0.0061001438242952,0.6897746475038853,113.07514500833544,True,False,0.0,0.0061001438242952,6.897746475038855e-07,1e-06,symmetrized,0.0987755071249645,252,30,
2026-03-27,8.4,False,False,ledoit_wolf,True,252,False,,,0.0060177554172816,0.742148113934793,123.32640037239015,True,False,0.0,0.0060177554172816,7.421481139347929e-07,1e-06,symmetrized,0.0927732147026065,252,30,
2026-04-03,8.4,False,False,ledoit_wolf,True,252,False,,,0.0059941855201404,0.7625293992555877,127.21151133769295,True,False,0.0,0.0059941855201404,7.625293992555882e-07,1e-06,symmetrized,0.089625798118249,252,30,
2026-04-10,8.4,False,False,ledoit_wolf,True,252,False,,,0.0060024657818062,0.8020053989193727,133.61265654362973,True,False,0.0,0.0060024657818062,8.020053989193725e-07,1e-06,symmetrized,0.0870132072946179,252,30,
2026-04-17,8.4,False,False,ledoit_wolf,True,252,False,,,0.0059816900327037,0.808279414349248,135.12559325711106,True,False,0.0,0.0059816900327037,8.082794143492483e-07,1e-06,symmetrized,0.0863206504045654,252,30,
2026-04-24,8.4,False,False,ledoit_wolf,True,252,False,,,0.0033197858102302,0.6833997099066946,205.85656695101525,True,False,0.0,0.0033197858102302,6.833997099066952e-07,1e-06,symmetrized,0.0537343229164375,252,30,
2026-04-30,8.4,False,False,ledoit_wolf,True,252,False,,,0.0031792406197275,0.6786771297339784,213.47145778231211,True,False,0.0,0.0031792406197275,6.786771297339783e-07,1e-06,symmetrized,0.0523236924018165,252,30,
2026-05-08,8.4,False,False,ledoit_wolf,True,252,False,,,0.0031375254998198,0.6939071760655295,221.16383631156972,True,False,0.0,0.0031375254998198,6.939071760655297e-07,1e-06,symmetrized,0.0508962797848012,252,30,
2026-05-15,8.4,False,False,ledoit_wolf,True,252,False,,,0.0030772717266491,0.7050978018360003,229.13082251718947,True,False,0.0,0.0030772717266491,7.050978018360001e-07,1e-06,symmetrized,0.0495516609766053,252,30,
2026-05-22,8.4,False,False,ledoit_wolf,True,252,False,,,0.0030592510447019,0.7152197875947992,233.78917818249263,True,False,0.0,0.0030592510447019,7.152197875947997e-07,1e-06,symmetrized,0.048573043455003,252,30,
2026-05-29,8.4,False,False,ledoit_wolf,True,252,False,,,0.0030260668748715,0.7284466544898971,240.723911470339,True,False,0.0,0.0030260668748715,7.28446654489897e-07,1e-06,symmetrized,0.0475381680162432,252,30,
2026-06-05,8.4,False,False,ledoit_wolf,True,252,False,,,0.0030978822816205,0.7333441276205497,236.72433648347956,True,False,0.0,0.0030978822816205,7.333441276205494e-07,1e-06,symmetrized,0.0476687553672098,252,30,
2026-06-12,8.4,False,False,ledoit_wolf,True,252,False,,,0.0029780128960656,0.7838362503869452,263.20780928199105,True,False,0.0,0.0029780128960656,7.838362503869453e-07,1e-06,symmetrized,0.0443217235602849,252,30,
2026-06-18,8.4,False,False,ledoit_wolf,True,252,False,,,0.0029752152324494,0.8162668510696924,274.3555633108484,True,False,0.0,0.0029752152324494,8.162668510696932e-07,1e-06,symmetrized,0.0432403177523978,252,30,
2026-06-26,8.4,False,False,ledoit_wolf,True,252,False,,,0.002980641341977,0.8362075147086228,280.5461706955924,True,False,0.0,0.002980641341977,8.36207514708623e-07,1e-06,symmetrized,0.0421833704810125,252,30,
2026-07-03,8.4,False,False,ledoit_wolf,True,252,False,,,0.0029834747507002,0.8667618080053927,290.52091283895186,True,False,0.0,0.0029834747507002,8.667618080053929e-07,1e-06,symmetrized,0.0409107964520767,252,30,
2026-07-10,8.4,False,False,ledoit_wolf,True,252,False,,,0.0030068531374728,0.8759460316328698,291.3165331277485,True,False,0.0,0.0030068531374728,8.759460316328694e-07,1e-06,symmetrized,0.040588616518377,252,30,
2026-07-17,8.4,False,False,ledoit_wolf,True,252,False,,,0.0029605728378957,0.9140729241303072,308.74866932171346,True,False,0.0,0.0029605728378957,9.140729241303072e-07,1e-06,symmetrized,0.0387538464424282,252,30,
2026-07-24,8.4,False,False,ledoit_wolf,True,252,False,,,0.0029816157856142,0.994430963327197,333.52082723908694,True,False,0.0,0.0029816157856142,9.944309633271967e-07,1e-06,symmetrized,0.0371088380034265,252,30,
2026-07-31,8.4,False,False,ledoit_wolf,True,252,False,,,0.0029063865896354,1.048275370472099,360.6799502207949,True,False,0.0,0.0029063865896354,1.0482753704720991e-06,1e-06,symmetrized,0.0350388521862195,252,30,
2026-08-07,8.4,False,False,ledoit_wolf,True,252,False,,,0.0028276294025488,1.0861692020356712,384.1271423534475,True,False,0.0,0.0028276294025488,1.0861692020356717e-06,1e-06,symmetrized,0.0334401794262712,252,30,
2026-08-14,8.4,False,False,ledoit_wolf,True,252,False,,,0.0028073079051216,1.0952330581737897,390.1364207950427,True,False,0.0,0.0028073079051216,1.0952330581737891e-06,1e-06,symmetrized,0.0329850865815765,252,30,
2026-08-21,8.4,False,False,ledoit_wolf,True,252,False,,,0.0027481044083068,1.1358482418631883,413.3206287322303,True,False,0.0,0.0027481044083068,1.1358482418631875e-06,1e-06,symmetrized,0.0317580566599743,252,30,
2026-08-28,8.4,False,False,ledoit_wolf,True,252,False,,,0.0027525441476632,1.1381653051448746,413.4957494182666,True,False,0.0,0.0027525441476632,1.1381653051448742e-06,1e-06,symmetrized,0.031580319057125,252,30,
2026-08-31,8.4,False,False,ledoit_wolf,True,252,False,,,0.0027507389481176,1.1385320848799578,413.90044869908473,True,False,0.0,0.0027507389481176,1.138532084879958e-06,1e-06,symmetrized,0.0315585229543515,252,30,
