variant_id,base_candidate_id,perturbed_parameter,params_json,solver_fallback_rate,net_annual_return,annual_volatility,sharpe,calmar,max_drawdown,cvar,annual_turnover,avg_monthly_turnover,total_return,validation_status,delta_net_annual_return,delta_annual_volatility,delta_sharpe,delta_calmar,delta_max_drawdown,delta_cvar,delta_annual_turnover,delta_avg_monthly_turnover,delta_total_return,interpretation
base,candidate_23,base,"{""budget_penalty"": 0.1, ""covariance_allow_fallback"": true, ""covariance_method"": ""ewma"", ""cvar_beta"": 0.95, ""cvar_penalty"": 0.08, ""ema_deviation_enabled"": false, ""ema_deviation_span"": 20, ""ema_equity_only"": true, ""ema_overextended_max_weight"": 0.2, ""ema_overextended_threshold"": 0.15, ""ema_stop_max_weight"": 0.05, ""ema_stop_threshold"": -0.05, ""ema_strong_threshold"": 0.05, ""ewma_halflife"": 60.0, ""group_bounds"": {}, ""lookback_days"": 252, ""max_weight"": 0.45, ""portfolio_vol_cap"": 0.025, ""portfolio_vol_cap_enabled"": true, ""return_reward"": 0.06, ""solver"": null, ""trading_days_per_year"": 243, ""transaction_cost_bps"": 3.0, ""transaction_cost_penalty"": 1.0, ""turnover_cap"": 0.8, ""turnover_penalty"": 0.02, ""use_graph_features"": false, ""use_online_regime"": false, ""use_transaction_cost_objective"": false, ""variance_penalty"": 1.0, ""vol_target"": 0.035, ""vol_target_enabled"": true}",0.010309278350515464,0.046206536881215676,0.025095347138434893,1.1160051593118685,2.0512395106670382,-0.022526153889357303,0.00352522781930609,0.163615182398428,0.01348685987274148,0.2726442495494463,validation_only_no_reselection_from_test,0.0,0.0,0.0,0.0,0.0,0.0,0.0,0.0,0.0,robust
lookback_down,candidate_23,lookback_days,"{""budget_penalty"": 0.1, ""covariance_allow_fallback"": true, ""covariance_method"": ""ewma"", ""cvar_beta"": 0.95, ""cvar_penalty"": 0.08, ""ema_deviation_enabled"": false, ""ema_deviation_span"": 20, ""ema_equity_only"": true, ""ema_overextended_max_weight"": 0.2, ""ema_overextended_threshold"": 0.15, ""ema_stop_max_weight"": 0.05, ""ema_stop_threshold"": -0.05, ""ema_strong_threshold"": 0.05, ""ewma_halflife"": 60.0, ""group_bounds"": {}, ""lookback_days"": 189, ""max_weight"": 0.45, ""portfolio_vol_cap"": 0.025, ""portfolio_vol_cap_enabled"": true, ""return_reward"": 0.06, ""solver"": null, ""trading_days_per_year"": 243, ""transaction_cost_bps"": 3.0, ""transaction_cost_penalty"": 1.0, ""turnover_cap"": 0.8, ""turnover_penalty"": 0.02, ""use_graph_features"": false, ""use_online_regime"": false, ""use_transaction_cost_objective"": false, ""variance_penalty"": 1.0, ""vol_target"": 0.035, ""vol_target_enabled"": true}",0.010309278350515464,0.04580218233554212,0.02528849029306186,1.0914919006895023,1.9944454459547203,-0.02296487097626132,0.003551688561184673,0.24451000380077337,0.020155049857868205,0.27002110876759655,validation_only_no_reselection_from_test,-0.00040435454567355755,0.00019314315462696727,-0.024513258622366196,-0.05679406471231796,-0.0004387170869040169,2.6460741878582723e-05,0.08089482140234536,0.006668189985126725,-0.0026231407818497754,robust
lookback_up,candidate_23,lookback_days,"{""budget_penalty"": 0.1, ""covariance_allow_fallback"": true, ""covariance_method"": ""ewma"", ""cvar_beta"": 0.95, ""cvar_penalty"": 0.08, ""ema_deviation_enabled"": false, ""ema_deviation_span"": 20, ""ema_equity_only"": true, ""ema_overextended_max_weight"": 0.2, ""ema_overextended_threshold"": 0.15, ""ema_stop_max_weight"": 0.05, ""ema_stop_threshold"": -0.05, ""ema_strong_threshold"": 0.05, ""ewma_halflife"": 60.0, ""group_bounds"": {}, ""lookback_days"": 315, ""max_weight"": 0.45, ""portfolio_vol_cap"": 0.025, ""portfolio_vol_cap_enabled"": true, ""return_reward"": 0.06, ""solver"": null, ""trading_days_per_year"": 243, ""transaction_cost_bps"": 3.0, ""transaction_cost_penalty"": 1.0, ""turnover_cap"": 0.8, ""turnover_penalty"": 0.02, ""use_graph_features"": false, ""use_online_regime"": false, ""use_transaction_cost_objective"": false, ""variance_penalty"": 1.0, ""vol_target"": 0.035, ""vol_target_enabled"": true}",0.010309278350515464,0.04541360340031342,0.024777816328853335,1.098305154866438,2.374936910763227,-0.019122025176542046,0.0035188561325738056,0.10298584872073455,0.008489161520411837,0.26750444964141695,validation_only_no_reselection_from_test,-0.0007929334809022581,-0.00031753080958155794,-0.017700004445430517,0.32369740009618875,0.0034041287128152575,-6.371686732284561e-06,-0.060629333677693464,-0.004997698352329643,-0.005139799908029374,robust
covariance_sample,candidate_23,covariance_method,"{""budget_penalty"": 0.1, ""covariance_allow_fallback"": true, ""covariance_method"": ""sample"", ""cvar_beta"": 0.95, ""cvar_penalty"": 0.08, ""ema_deviation_enabled"": false, ""ema_deviation_span"": 20, ""ema_equity_only"": true, ""ema_overextended_max_weight"": 0.2, ""ema_overextended_threshold"": 0.15, ""ema_stop_max_weight"": 0.05, ""ema_stop_threshold"": -0.05, ""ema_strong_threshold"": 0.05, ""ewma_halflife"": 60.0, ""group_bounds"": {}, ""lookback_days"": 252, ""max_weight"": 0.45, ""portfolio_vol_cap"": 0.025, ""portfolio_vol_cap_enabled"": true, ""return_reward"": 0.06, ""solver"": null, ""trading_days_per_year"": 243, ""transaction_cost_bps"": 3.0, ""transaction_cost_penalty"": 1.0, ""turnover_cap"": 0.8, ""turnover_penalty"": 0.02, ""use_graph_features"": false, ""use_online_regime"": false, ""use_transaction_cost_objective"": false, ""variance_penalty"": 1.0, ""vol_target"": 0.035, ""vol_target_enabled"": true}",0.010309278350515464,0.04537194509165099,0.025477824400824384,1.066493930728708,1.8423148681406765,-0.024627682203662515,0.0035809463697737917,0.15361820843989046,0.012662805619622625,0.2672348873437058,validation_only_no_reselection_from_test,-0.000834591789564687,0.0003824772623894912,-0.04951122858316048,-0.20892464252636178,-0.002101528314305212,5.571855046770154e-05,-0.009996973958537547,-0.0008240542531188551,-0.005409362205740509,robust
max_weight_down,candidate_23,max_weight,"{""budget_penalty"": 0.1, ""covariance_allow_fallback"": true, ""covariance_method"": ""ewma"", ""cvar_beta"": 0.95, ""cvar_penalty"": 0.08, ""ema_deviation_enabled"": false, ""ema_deviation_span"": 20, ""ema_equity_only"": true, ""ema_overextended_max_weight"": 0.2, ""ema_overextended_threshold"": 0.15, ""ema_stop_max_weight"": 0.05, ""ema_stop_threshold"": -0.05, ""ema_strong_threshold"": 0.05, ""ewma_halflife"": 60.0, ""group_bounds"": {}, ""lookback_days"": 252, ""max_weight"": 0.4, ""portfolio_vol_cap"": 0.025, ""portfolio_vol_cap_enabled"": true, ""return_reward"": 0.06, ""solver"": null, ""trading_days_per_year"": 243, ""transaction_cost_bps"": 3.0, ""transaction_cost_penalty"": 1.0, ""turnover_cap"": 0.8, ""turnover_penalty"": 0.02, ""use_graph_features"": false, ""use_online_regime"": false, ""use_transaction_cost_objective"": false, ""variance_penalty"": 1.0, ""vol_target"": 0.035, ""vol_target_enabled"": true}",0.010309278350515464,0.05047503015898647,0.02574093455374494,1.253840651806906,2.115269976922917,-0.023862216506477574,0.0036429377606042234,0.20369137042695504,0.016790354843386555,0.300604503118844,validation_only_no_reselection_from_test,0.004268493277770791,0.0006455874153100463,0.13783549249503757,0.0640304662558786,-0.0013360626171202705,0.00011770994129813332,0.04007618802852703,0.0033034949706450753,0.027960253569397686,moderate
max_weight_up,candidate_23,max_weight,"{""budget_penalty"": 0.1, ""covariance_allow_fallback"": true, ""covariance_method"": ""ewma"", ""cvar_beta"": 0.95, ""cvar_penalty"": 0.08, ""ema_deviation_enabled"": false, ""ema_deviation_span"": 20, ""ema_equity_only"": true, ""ema_overextended_max_weight"": 0.2, ""ema_overextended_threshold"": 0.15, ""ema_stop_max_weight"": 0.05, ""ema_stop_threshold"": -0.05, ""ema_strong_threshold"": 0.05, ""ewma_halflife"": 60.0, ""group_bounds"": {}, ""lookback_days"": 252, ""max_weight"": 0.5, ""portfolio_vol_cap"": 0.025, ""portfolio_vol_cap_enabled"": true, ""return_reward"": 0.06, ""solver"": null, ""trading_days_per_year"": 243, ""transaction_cost_bps"": 3.0, ""transaction_cost_penalty"": 1.0, ""turnover_cap"": 0.8, ""turnover_penalty"": 0.02, ""use_graph_features"": false, ""use_online_regime"": false, ""use_transaction_cost_objective"": false, ""variance_penalty"": 1.0, ""vol_target"": 0.035, ""vol_target_enabled"": true}",0.010309278350515464,0.04133345215834816,0.023790320349368024,0.9723892666692353,1.9657503073140987,-0.021026806916705554,0.0033529382068848926,0.11289743378942398,0.009306177135824892,0.24132287797664032,validation_only_no_reselection_from_test,-0.004873084722867516,-0.0013050267890668682,-0.1436158926426332,-0.08548920335293952,0.0014993469726517494,-0.00017228961242119747,-0.050717748609004035,-0.004180682736916588,-0.03132137157280601,moderate
turnover_cap_down,candidate_23,turnover_cap,"{""budget_penalty"": 0.1, ""covariance_allow_fallback"": true, ""covariance_method"": ""ewma"", ""cvar_beta"": 0.95, ""cvar_penalty"": 0.08, ""ema_deviation_enabled"": false, ""ema_deviation_span"": 20, ""ema_equity_only"": true, ""ema_overextended_max_weight"": 0.2, ""ema_overextended_threshold"": 0.15, ""ema_stop_max_weight"": 0.05, ""ema_stop_threshold"": -0.05, ""ema_strong_threshold"": 0.05, ""ewma_halflife"": 60.0, ""group_bounds"": {}, ""lookback_days"": 252, ""max_weight"": 0.45, ""portfolio_vol_cap"": 0.025, ""portfolio_vol_cap_enabled"": true, ""return_reward"": 0.06, ""solver"": null, ""trading_days_per_year"": 243, ""transaction_cost_bps"": 3.0, ""transaction_cost_penalty"": 1.0, ""turnover_cap"": 0.6000000000000001, ""turnover_penalty"": 0.02, ""use_graph_features"": false, ""use_online_regime"": false, ""use_transaction_cost_objective"": false, ""variance_penalty"": 1.0, ""vol_target"": 0.035, ""vol_target_enabled"": true}",0.010309278350515464,0.04627288060013934,0.02506305360797461,1.1200901948837974,2.054347764289396,-0.02252436583741957,0.0035225726328579022,0.16173023953405158,0.013331483336729908,0.27307505662973597,validation_only_no_reselection_from_test,6.634371892366708e-05,-3.229353046028255e-05,0.004085035571928852,0.0031082536223578927,1.7880519377344584e-06,-2.655186448187897e-06,-0.001884942864376432,-0.0001553765360115724,0.0004308070802896413,robust
turnover_cap_up,candidate_23,turnover_cap,"{""budget_penalty"": 0.1, ""covariance_allow_fallback"": true, ""covariance_method"": ""ewma"", ""cvar_beta"": 0.95, ""cvar_penalty"": 0.08, ""ema_deviation_enabled"": false, ""ema_deviation_span"": 20, ""ema_equity_only"": true, ""ema_overextended_max_weight"": 0.2, ""ema_overextended_threshold"": 0.15, ""ema_stop_max_weight"": 0.05, ""ema_stop_threshold"": -0.05, ""ema_strong_threshold"": 0.05, ""ewma_halflife"": 60.0, ""group_bounds"": {}, ""lookback_days"": 252, ""max_weight"": 0.45, ""portfolio_vol_cap"": 0.025, ""portfolio_vol_cap_enabled"": true, ""return_reward"": 0.06, ""solver"": null, ""trading_days_per_year"": 243, ""transaction_cost_bps"": 3.0, ""transaction_cost_penalty"": 1.0, ""turnover_cap"": 1.0, ""turnover_penalty"": 0.02, ""use_graph_features"": false, ""use_online_regime"": false, ""use_transaction_cost_objective"": false, ""variance_penalty"": 1.0, ""vol_target"": 0.035, ""vol_target_enabled"": true}",0.010309278350515464,0.04620654549138514,0.025095388581671155,1.1160036594069795,2.0512435292129054,-0.02252611395640347,0.0035252312631310068,0.1636167739730506,0.013486991066825044,0.27264430545243146,validation_only_no_reselection_from_test,8.610169466294337e-09,4.144323626290025e-08,-1.4999048889574595e-06,4.018545867179313e-06,3.993295383253326e-08,3.443824916644217e-09,1.591574622594738e-06,1.3119408356389306e-07,5.590298512991865e-08,robust
turnover_penalty_down,candidate_23,turnover_penalty,"{""budget_penalty"": 0.1, ""covariance_allow_fallback"": true, ""covariance_method"": ""ewma"", ""cvar_beta"": 0.95, ""cvar_penalty"": 0.08, ""ema_deviation_enabled"": false, ""ema_deviation_span"": 20, ""ema_equity_only"": true, ""ema_overextended_max_weight"": 0.2, ""ema_overextended_threshold"": 0.15, ""ema_stop_max_weight"": 0.05, ""ema_stop_threshold"": -0.05, ""ema_strong_threshold"": 0.05, ""ewma_halflife"": 60.0, ""group_bounds"": {}, ""lookback_days"": 252, ""max_weight"": 0.45, ""portfolio_vol_cap"": 0.025, ""portfolio_vol_cap_enabled"": true, ""return_reward"": 0.06, ""solver"": null, ""trading_days_per_year"": 243, ""transaction_cost_bps"": 3.0, ""transaction_cost_penalty"": 1.0, ""turnover_cap"": 0.8, ""turnover_penalty"": 0.01, ""use_graph_features"": false, ""use_online_regime"": false, ""use_transaction_cost_objective"": false, ""variance_penalty"": 1.0, ""vol_target"": 0.035, ""vol_target_enabled"": true}",0.010309278350515464,0.04840977289607151,0.027672837942966884,1.0916759950075665,1.8265187346131133,-0.02650384689666241,0.003809495859139311,0.3969456046753976,0.03272037269940518,0.28701461890472735,validation_only_no_reselection_from_test,0.002203236014855836,0.0025774908045319914,-0.024329164304301987,-0.22472077605392493,-0.003977693007305105,0.00028426803983322077,0.23333042227696957,0.019233512826663697,0.01437036935528102,moderate
turnover_penalty_up,candidate_23,turnover_penalty,"{""budget_penalty"": 0.1, ""covariance_allow_fallback"": true, ""covariance_method"": ""ewma"", ""cvar_beta"": 0.95, ""cvar_penalty"": 0.08, ""ema_deviation_enabled"": false, ""ema_deviation_span"": 20, ""ema_equity_only"": true, ""ema_overextended_max_weight"": 0.2, ""ema_overextended_threshold"": 0.15, ""ema_stop_max_weight"": 0.05, ""ema_stop_threshold"": -0.05, ""ema_strong_threshold"": 0.05, ""ewma_halflife"": 60.0, ""group_bounds"": {}, ""lookback_days"": 252, ""max_weight"": 0.45, ""portfolio_vol_cap"": 0.025, ""portfolio_vol_cap_enabled"": true, ""return_reward"": 0.06, ""solver"": null, ""trading_days_per_year"": 243, ""transaction_cost_bps"": 3.0, ""transaction_cost_penalty"": 1.0, ""turnover_cap"": 0.8, ""turnover_penalty"": 0.031, ""use_graph_features"": false, ""use_online_regime"": false, ""use_transaction_cost_objective"": false, ""variance_penalty"": 1.0, ""vol_target"": 0.035, ""vol_target_enabled"": true}",0.010309278350515464,0.04187111362357898,0.021408620237495145,1.1056814199600447,2.283740586158815,-0.018334443884454044,0.00302514180178086,0.020846869644180678,0.0017184151590022257,0.244747588468488,validation_only_no_reselection_from_test,-0.004335423257636695,-0.0036867269009397477,-0.010323739351823846,0.2325010754917769,0.00419171000490326,-0.0005000860175252302,-0.14276831275424734,-0.011768444713739255,-0.02789666108095834,moderate
cvar_penalty_down,candidate_23,cvar_penalty,"{""budget_penalty"": 0.1, ""covariance_allow_fallback"": true, ""covariance_method"": ""ewma"", ""cvar_beta"": 0.95, ""cvar_penalty"": 0.04, ""ema_deviation_enabled"": false, ""ema_deviation_span"": 20, ""ema_equity_only"": true, ""ema_overextended_max_weight"": 0.2, ""ema_overextended_threshold"": 0.15, ""ema_stop_max_weight"": 0.05, ""ema_stop_threshold"": -0.05, ""ema_strong_threshold"": 0.05, ""ewma_halflife"": 60.0, ""group_bounds"": {}, ""lookback_days"": 252, ""max_weight"": 0.45, ""portfolio_vol_cap"": 0.025, ""portfolio_vol_cap_enabled"": true, ""return_reward"": 0.06, ""solver"": null, ""trading_days_per_year"": 243, ""transaction_cost_bps"": 3.0, ""transaction_cost_penalty"": 1.0, ""turnover_cap"": 0.8, ""turnover_penalty"": 0.02, ""use_graph_features"": false, ""use_online_regime"": false, ""use_transaction_cost_objective"": false, ""variance_penalty"": 1.0, ""vol_target"": 0.035, ""vol_target_enabled"": true}",0.010309278350515464,0.0462978947391155,0.02519154393332981,1.1153700945633753,2.035516378160558,-0.022745036707075617,0.0035470511556787705,0.17324048814656096,0.014280277378100135,0.2732375182646627,validation_only_no_reselection_from_test,9.135785789982087e-05,9.619679489491703e-05,-0.0006350647484931748,-0.015723132506480386,-0.0002188828177183133,2.1823336372680385e-05,0.009625305748132945,0.0007934175053586554,0.0005932687152163663,robust
cvar_penalty_up,candidate_23,cvar_penalty,"{""budget_penalty"": 0.1, ""covariance_allow_fallback"": true, ""covariance_method"": ""ewma"", ""cvar_beta"": 0.95, ""cvar_penalty"": 0.121, ""ema_deviation_enabled"": false, ""ema_deviation_span"": 20, ""ema_equity_only"": true, ""ema_overextended_max_weight"": 0.2, ""ema_overextended_threshold"": 0.15, ""ema_stop_max_weight"": 0.05, ""ema_stop_threshold"": -0.05, ""ema_strong_threshold"": 0.05, ""ewma_halflife"": 60.0, ""group_bounds"": {}, ""lookback_days"": 252, ""max_weight"": 0.45, ""portfolio_vol_cap"": 0.025, ""portfolio_vol_cap_enabled"": true, ""return_reward"": 0.06, ""solver"": null, ""trading_days_per_year"": 243, ""transaction_cost_bps"": 3.0, ""transaction_cost_penalty"": 1.0, ""turnover_cap"": 0.8, ""turnover_penalty"": 0.02, ""use_graph_features"": false, ""use_online_regime"": false, ""use_transaction_cost_objective"": false, ""variance_penalty"": 1.0, ""vol_target"": 0.035, ""vol_target_enabled"": true}",0.010309278350515464,0.04589960965787698,0.025011365144636463,1.1074809190819797,2.0333953077842777,-0.022572890515761168,0.0035120743091284737,0.15728929358092547,0.01296541452273453,0.2706527400188401,validation_only_no_reselection_from_test,-0.00030692722333869327,-8.39819937984293e-05,-0.008524240229888846,-0.017844202882760563,-4.673662640386489e-05,-1.3153510177616422e-05,-0.00632588881750254,-0.0005214453500069494,-0.001991509530606228,robust
budget_penalty_down,candidate_23,budget_penalty,"{""budget_penalty"": 0.05, ""covariance_allow_fallback"": true, ""covariance_method"": ""ewma"", ""cvar_beta"": 0.95, ""cvar_penalty"": 0.08, ""ema_deviation_enabled"": false, ""ema_deviation_span"": 20, ""ema_equity_only"": true, ""ema_overextended_max_weight"": 0.2, ""ema_overextended_threshold"": 0.15, ""ema_stop_max_weight"": 0.05, ""ema_stop_threshold"": -0.05, ""ema_strong_threshold"": 0.05, ""ewma_halflife"": 60.0, ""group_bounds"": {}, ""lookback_days"": 252, ""max_weight"": 0.45, ""portfolio_vol_cap"": 0.025, ""portfolio_vol_cap_enabled"": true, ""return_reward"": 0.06, ""solver"": null, ""trading_days_per_year"": 243, ""transaction_cost_bps"": 3.0, ""transaction_cost_penalty"": 1.0, ""turnover_cap"": 0.8, ""turnover_penalty"": 0.02, ""use_graph_features"": false, ""use_online_regime"": false, ""use_transaction_cost_objective"": false, ""variance_penalty"": 1.0, ""vol_target"": 0.035, ""vol_target_enabled"": true}",0.010309278350515464,0.03866992305775363,0.022859664901462323,0.895460329186373,1.7256636688528735,-0.022408725266528484,0.0032447782030457168,0.11478643090267164,0.009461887865067273,0.22446988047269123,validation_only_no_reselection_from_test,-0.007536613823462046,-0.0022356822369725693,-0.22054483012549553,-0.32557584181416477,0.00011742862282881905,-0.00028044961626037335,-0.04882875149575637,-0.004024972007674207,-0.0481743690767551,moderate
budget_penalty_up,candidate_23,budget_penalty,"{""budget_penalty"": 0.15100000000000002, ""covariance_allow_fallback"": true, ""covariance_method"": ""ewma"", ""cvar_beta"": 0.95, ""cvar_penalty"": 0.08, ""ema_deviation_enabled"": false, ""ema_deviation_span"": 20, ""ema_equity_only"": true, ""ema_overextended_max_weight"": 0.2, ""ema_overextended_threshold"": 0.15, ""ema_stop_max_weight"": 0.05, ""ema_stop_threshold"": -0.05, ""ema_strong_threshold"": 0.05, ""ewma_halflife"": 60.0, ""group_bounds"": {}, ""lookback_days"": 252, ""max_weight"": 0.45, ""portfolio_vol_cap"": 0.025, ""portfolio_vol_cap_enabled"": true, ""return_reward"": 0.06, ""solver"": null, ""trading_days_per_year"": 243, ""transaction_cost_bps"": 3.0, ""transaction_cost_penalty"": 1.0, ""turnover_cap"": 0.8, ""turnover_penalty"": 0.02, ""use_graph_features"": false, ""use_online_regime"": false, ""use_transaction_cost_objective"": false, ""variance_penalty"": 1.0, ""vol_target"": 0.035, ""vol_target_enabled"": true}",0.010309278350515464,0.048861535141819346,0.025818989857759163,1.1875575036335084,2.1891164492920434,-0.022320208300303568,0.00362715123350492,0.18692757178791405,0.015408508734331505,0.28997741601392324,validation_only_no_reselection_from_test,0.0026549982606036693,0.0007236427193242703,0.07155234432163993,0.13787693862500516,0.0002059455890537354,0.00010192341419883004,0.023312389389486043,0.0019216488615900248,0.017333166464476912,robust
return_reward_zero,candidate_23,return_reward,"{""budget_penalty"": 0.1, ""covariance_allow_fallback"": true, ""covariance_method"": ""ewma"", ""cvar_beta"": 0.95, ""cvar_penalty"": 0.08, ""ema_deviation_enabled"": false, ""ema_deviation_span"": 20, ""ema_equity_only"": true, ""ema_overextended_max_weight"": 0.2, ""ema_overextended_threshold"": 0.15, ""ema_stop_max_weight"": 0.05, ""ema_stop_threshold"": -0.05, ""ema_strong_threshold"": 0.05, ""ewma_halflife"": 60.0, ""group_bounds"": {}, ""lookback_days"": 252, ""max_weight"": 0.45, ""portfolio_vol_cap"": 0.025, ""portfolio_vol_cap_enabled"": true, ""return_reward"": 0.0, ""solver"": null, ""trading_days_per_year"": 243, ""transaction_cost_bps"": 3.0, ""transaction_cost_penalty"": 1.0, ""turnover_cap"": 0.8, ""turnover_penalty"": 0.02, ""use_graph_features"": false, ""use_online_regime"": false, ""use_transaction_cost_objective"": false, ""variance_penalty"": 1.0, ""vol_target"": 0.035, ""vol_target_enabled"": true}",0.010309278350515464,0.044028993967320185,0.020785573381552565,1.2426404359017449,2.9751896332893994,-0.014798718533662436,0.0028760695605124296,0.0025771081784548818,0.0002124319783177467,0.2585698536812886,validation_only_no_reselection_from_test,-0.0021775429138954916,-0.004309773756882327,0.1266352765898764,0.9239501226223612,0.007727435355694867,-0.0006491582587936605,-0.16103807421997313,-0.013274427894423733,-0.01407439586815773,moderate
return_reward_down,candidate_23,return_reward,"{""budget_penalty"": 0.1, ""covariance_allow_fallback"": true, ""covariance_method"": ""ewma"", ""cvar_beta"": 0.95, ""cvar_penalty"": 0.08, ""ema_deviation_enabled"": false, ""ema_deviation_span"": 20, ""ema_equity_only"": true, ""ema_overextended_max_weight"": 0.2, ""ema_overextended_threshold"": 0.15, ""ema_stop_max_weight"": 0.05, ""ema_stop_threshold"": -0.05, ""ema_strong_threshold"": 0.05, ""ewma_halflife"": 60.0, ""group_bounds"": {}, ""lookback_days"": 252, ""max_weight"": 0.45, ""portfolio_vol_cap"": 0.025, ""portfolio_vol_cap_enabled"": true, ""return_reward"": 0.03, ""solver"": null, ""trading_days_per_year"": 243, ""transaction_cost_bps"": 3.0, ""transaction_cost_penalty"": 1.0, ""turnover_cap"": 0.8, ""turnover_penalty"": 0.02, ""use_graph_features"": false, ""use_online_regime"": false, ""use_transaction_cost_objective"": false, ""variance_penalty"": 1.0, ""vol_target"": 0.035, ""vol_target_enabled"": true}",0.010309278350515464,0.04475057736683108,0.02193040786104576,1.210674125855724,2.4232588937284825,-0.018467105385498783,0.003080928918198701,0.002867612910399716,0.00023637839059241803,0.26321967202219554,validation_only_no_reselection_from_test,-0.0014559595143845971,-0.003164939277389131,0.09466896654385559,0.3720193830614442,0.00405904850385852,-0.0004442989011073893,-0.1607475694880283,-0.013250481482149062,-0.009424577527250788,moderate
return_reward_up,candidate_23,return_reward,"{""budget_penalty"": 0.1, ""covariance_allow_fallback"": true, ""covariance_method"": ""ewma"", ""cvar_beta"": 0.95, ""cvar_penalty"": 0.08, ""ema_deviation_enabled"": false, ""ema_deviation_span"": 20, ""ema_equity_only"": true, ""ema_overextended_max_weight"": 0.2, ""ema_overextended_threshold"": 0.15, ""ema_stop_max_weight"": 0.05, ""ema_stop_threshold"": -0.05, ""ema_strong_threshold"": 0.05, ""ewma_halflife"": 60.0, ""group_bounds"": {}, ""lookback_days"": 252, ""max_weight"": 0.45, ""portfolio_vol_cap"": 0.025, ""portfolio_vol_cap_enabled"": true, ""return_reward"": 0.091, ""solver"": null, ""trading_days_per_year"": 243, ""transaction_cost_bps"": 3.0, ""transaction_cost_penalty"": 1.0, ""turnover_cap"": 0.8, ""turnover_penalty"": 0.02, ""use_graph_features"": false, ""use_online_regime"": false, ""use_transaction_cost_objective"": false, ""variance_penalty"": 1.0, ""vol_target"": 0.035, ""vol_target_enabled"": true}",0.010309278350515464,0.04966284981000757,0.027260870343246545,1.1541395932651137,1.8130354123816232,-0.0273921013736681,0.0037862457758406705,0.336850596860513,0.02776671902515765,0.29524632054601674,validation_only_no_reselection_from_test,0.0034563129287918937,0.002165523204811653,0.03813443395324523,-0.238204098285415,-0.004865947484310795,0.0002610179565345804,0.17323541446208499,0.014279859152416169,0.02260207099657041,moderate
transaction_cost_bps_down,candidate_23,transaction_cost_bps,"{""budget_penalty"": 0.1, ""covariance_allow_fallback"": true, ""covariance_method"": ""ewma"", ""cvar_beta"": 0.95, ""cvar_penalty"": 0.08, ""ema_deviation_enabled"": false, ""ema_deviation_span"": 20, ""ema_equity_only"": true, ""ema_overextended_max_weight"": 0.2, ""ema_overextended_threshold"": 0.15, ""ema_stop_max_weight"": 0.05, ""ema_stop_threshold"": -0.05, ""ema_strong_threshold"": 0.05, ""ewma_halflife"": 60.0, ""group_bounds"": {}, ""lookback_days"": 252, ""max_weight"": 0.45, ""portfolio_vol_cap"": 0.025, ""portfolio_vol_cap_enabled"": true, ""return_reward"": 0.06, ""solver"": null, ""trading_days_per_year"": 243, ""transaction_cost_bps"": 1.0, ""transaction_cost_penalty"": 1.0, ""turnover_cap"": 0.8, ""turnover_penalty"": 0.02, ""use_graph_features"": false, ""use_online_regime"": false, ""use_transaction_cost_objective"": false, ""variance_penalty"": 1.0, ""vol_target"": 0.035, ""vol_target_enabled"": true}",0.010309278350515464,0.04624090152140914,0.025095206884203813,1.117380767203776,2.0532334037617193,-0.022521015602362304,0.003525069564636478,0.163615182398428,0.01348685987274148,0.27286738369347274,validation_only_no_reselection_from_test,3.436464019346275e-05,-1.402542310798005e-07,0.0013756078919076042,0.0019938930946810096,5.138286994998964e-06,-1.5825466961232396e-07,0.0,0.0,0.00022313414402641563,robust
transaction_cost_bps_up,candidate_23,transaction_cost_bps,"{""budget_penalty"": 0.1, ""covariance_allow_fallback"": true, ""covariance_method"": ""ewma"", ""cvar_beta"": 0.95, ""cvar_penalty"": 0.08, ""ema_deviation_enabled"": false, ""ema_deviation_span"": 20, ""ema_equity_only"": true, ""ema_overextended_max_weight"": 0.2, ""ema_overextended_threshold"": 0.15, ""ema_stop_max_weight"": 0.05, ""ema_stop_threshold"": -0.05, ""ema_strong_threshold"": 0.05, ""ewma_halflife"": 60.0, ""group_bounds"": {}, ""lookback_days"": 252, ""max_weight"": 0.45, ""portfolio_vol_cap"": 0.025, ""portfolio_vol_cap_enabled"": true, ""return_reward"": 0.06, ""solver"": null, ""trading_days_per_year"": 243, ""transaction_cost_bps"": 5.0, ""transaction_cost_penalty"": 1.0, ""turnover_cap"": 0.8, ""turnover_penalty"": 0.02, ""use_graph_features"": false, ""use_online_regime"": false, ""use_transaction_cost_objective"": false, ""variance_penalty"": 1.0, ""vol_target"": 0.035, ""vol_target_enabled"": true}",0.010309278350515464,0.04617217299098164,0.025095501663880904,1.1146289628169113,2.0492465614423914,-0.022531292163536776,0.003525386073975703,0.163615182398428,0.01348685987274148,0.27242115206200856,validation_only_no_reselection_from_test,-3.4363890234034855e-05,1.5452544601182727e-07,-0.001376196494957238,-0.0019929492246468783,-5.138274179472546e-06,1.5825466961275764e-07,0.0,0.0,-0.00022309748743776225,robust
