schedule_year,calibration_start,calibration_end,validation_start,validation_end,variance_penalty,shortfall_penalty,model,gross_annual_return,net_annual_return,transaction_cost_drag,annualized_volatility,sharpe_ratio,turnover_adjusted_sharpe,sortino_ratio,max_drawdown,calmar_ratio,total_return,avg_monthly_turnover,annualized_turnover,cvar_95_daily_loss,sharpe_standard_error,quarterly_sharpe_median,quarterly_sharpe_min,solver_count,future_information_count,variance_rank,shortfall_rank,within_one_standard_error,selected
2017,2014-12-10,2015-12-21,2015-12-22,2016-12-30,6.857613821666568e-12,3.41189764276655,Global RRP,0.0671307607029509,0.0666949199401247,0.0004358407628262,0.0448662237954772,1.4673298328498243,1.4865284906559917,2.1129407749386138,-0.0369367124074135,1.80565393055226,0.0666949199401247,0.1047436710784622,1.329810524594408,0.0064248924833678,1.0041279906418208,1.817940996590121,-0.0249517960709761,52,0,0,0,True,False
2017,2014-12-10,2015-12-21,2015-12-22,2016-12-30,6.857613821666568e-12,6.338297819048061,Global RRP,0.0671300964228867,0.0666942854673151,0.0004358109555715,0.0448662789089045,1.467314771611166,1.4865125231965357,2.1129195349541536,-0.0369366504422323,1.805639782405897,0.0666942854673151,0.104736572310065,1.3297203996557925,0.0064248858431401,1.004127946799511,1.817921263614909,-0.0249380532501557,52,0,0,1,True,False
2017,2014-12-10,2015-12-21,2015-12-22,2016-12-30,6.857613821666568e-12,16.54435115714024,Global RRP,0.0671294606367451,0.0666936781134253,0.0004357825233198,0.0448663304829916,1.467300391671037,1.4864972774786682,2.1128993360706114,-0.0369365858780358,1.805626495465689,0.0666936781134253,0.1047298015808747,1.329634439455584,0.0064248798938416,1.0041279049408358,1.8179026620858016,-0.0249254423955687,52,0,0,2,True,True
2017,2014-12-10,2015-12-21,2015-12-22,2016-12-30,0.0799538293093843,3.41189764276655,Global RRP,0.0792489636638524,0.078661234205861,0.0005877294579914,0.0396388925873543,1.937904846983388,1.984445807422876,2.921705499348392,-0.0206466135454428,3.8098855307544266,0.078661234205861,0.1396422501056913,1.7728778450918423,0.0054709634755793,1.0057162075017962,2.3600934035990173,0.0334335111745123,52,0,1,0,True,False
2017,2014-12-10,2015-12-21,2015-12-22,2016-12-30,0.0799538293093843,6.338297819048061,Global RRP,0.0792711444038531,0.0786611371034655,0.0006100073003876,0.0397035200304982,1.9348122878111724,1.981213178152518,2.9186471302482158,-0.0206729443842353,3.8050282360093,0.0786611371034655,0.1449355011028582,1.8400801954856865,0.0054700806521769,1.005704346340978,2.3397394204271063,0.057571846237339,52,0,1,1,True,False
2017,2014-12-10,2015-12-21,2015-12-22,2016-12-30,0.0799538293093843,16.54435115714024,Global RRP,0.079276042914993,0.0786456928635375,0.0006303500514555,0.0397631093083483,1.9316102906217063,1.9778557117771915,2.9151617763392514,-0.0206953549330303,3.800161587855493,0.0786456928635375,0.1497711164831233,1.9014724701630763,0.0054693683874799,1.0056920852568534,2.3211347631165813,0.077982726372043,52,0,1,2,True,False
2017,2014-12-10,2015-12-21,2015-12-22,2016-12-30,0.0912081066501255,3.41189764276655,Global RRP,0.0800105915780085,0.0794069005222981,0.0006036910557103,0.0393453195921863,1.969709648539075,2.0182044864636874,2.976168603127069,-0.0195460658140966,4.062551578283833,0.0794069005222981,0.1433340181258429,1.8197479988396623,0.0054194306289762,1.0058392821683215,2.403042990634713,0.0424175847119953,52,0,2,0,True,False
2017,2014-12-10,2015-12-21,2015-12-22,2016-12-30,0.0912081066501255,6.338297819048061,Global RRP,0.0800444821254398,0.0794152922585369,0.0006291898669028,0.0394173229641157,1.9663811292727371,2.0147307398534933,2.9730113613792,-0.0195714947089217,4.057701950701561,0.0794152922585369,0.14938735285907,1.8966002626018164,0.0054189010798585,1.0058263086826509,2.3806959433106574,0.0693834428156147,52,0,2,1,True,False
2017,2014-12-10,2015-12-21,2015-12-22,2016-12-30,0.0912081066501255,16.54435115714024,Global RRP,0.0800583166167729,0.0794060724305623,0.0006522441862106,0.0394843384138086,1.962892921162558,2.01107769866525,2.9693160645058656,-0.0195932167837753,4.052732805790037,0.0794060724305623,0.1548626956244703,1.9661144237938275,0.0054184966373788,1.005812736148784,2.360154078315039,0.0923078574941479,52,0,2,2,True,False
2018,2015-12-10,2016-12-20,2016-12-21,2017-12-29,0.1401588770162282,8.826466875257138,Global RRP,0.0606879979032095,0.0598871681238732,0.0008008297793362,0.0362331465942419,1.6298531073147975,1.6528282457640715,2.4567057830431063,-0.023370463074844,2.562515254065969,0.0598871681238732,0.19368464096085,2.465584708960741,0.0047549789944709,1.0046271643477822,2.014213320420472,0.0911904981781181,53,0,0,0,True,True
2018,2015-12-10,2016-12-20,2016-12-21,2017-12-29,0.1401588770162282,11.76884328568571,Global RRP,0.0607030303619202,0.0598978792189033,0.0008051511430169,0.0362407068528611,1.6298006616909777,1.6527789996506228,2.456570992869076,-0.0233704630653053,2.5629735727327057,0.0598978792189033,0.1947287425760016,2.4788760105536185,0.0047551375815995,1.004626994858541,2.015454426609124,0.091190500496022,53,0,0,1,True,False
2018,2015-12-10,2016-12-20,2016-12-21,2017-12-29,0.1401588770162282,44.37243047683026,Global RRP,0.0607405665476143,0.0599248537014713,0.000815712846143,0.0362594187968104,1.629683071660056,1.6526700010630806,2.4562627406891453,-0.0233704638312824,2.5641277012764747,0.0599248537014713,0.1972803560475209,2.511357776414588,0.0047555257230177,1.0046266148609455,2.0185110945997646,0.0911903609605887,53,0,0,2,True,False
2018,2015-12-10,2016-12-20,2016-12-21,2017-12-29,0.149693633033835,8.826466875257138,Global RRP,0.0610944856604729,0.0602811519069093,0.0008133337535636,0.0359768053056182,1.6515837913401945,1.6755559976720764,2.4916756667812363,-0.02305995021466,2.6141058998725195,0.0602811519069093,0.1966356669523785,2.5031509533689853,0.0047225959568659,1.0046978585087494,2.027076143247643,0.1267961884239428,53,0,1,0,True,False
2018,2015-12-10,2016-12-20,2016-12-21,2017-12-29,0.149693633033835,11.76884328568571,Global RRP,0.061111324308837,0.0602933553697833,0.0008179689390537,0.0359849604486987,1.6515388175186867,1.6755153991551353,2.491554838318473,-0.0230599502044706,2.614635106978432,0.0602933553697833,0.1977549913646923,2.5173998331029503,0.0047227703579871,1.004697711238396,2.028409153832309,0.1267961909472207,53,0,1,1,True,False
2018,2015-12-10,2016-12-20,2016-12-21,2017-12-29,0.149693633033835,44.37243047683026,Global RRP,0.061153395427649,0.0603240740587565,0.0008293213688925,0.0360052250802129,1.651437517658514,1.675425550718424,2.4912781744292083,-0.023059951015584,2.615967137917564,0.0603240740587565,0.2004961179472009,2.552294080543692,0.0047231995986883,1.004697379538562,2.031695898190263,0.1267960411276426,53,0,1,2,True,False
2018,2015-12-10,2016-12-20,2016-12-21,2017-12-29,0.1663547307610671,8.826466875257138,Global RRP,0.0617368170379895,0.0609035779064424,0.000833239131547,0.0355605217431025,1.687073663288258,1.7126739125602235,2.549008822342148,-0.0225579326524264,2.6998740906291028,0.0609035779064424,0.2013297916056686,2.562906656813984,0.004669278772811,1.004815316270346,2.048385283684975,0.1848262580249419,53,0,2,0,True,False
2018,2015-12-10,2016-12-20,2016-12-21,2017-12-29,0.1663547307610671,11.76884328568571,Global RRP,0.0617569459187101,0.060918582880858,0.0008383630378521,0.0355697498269011,1.687044473588922,1.7126514292992252,2.548918871977894,-0.0225579326411012,2.7005392670542165,0.060918582880858,0.2025660131763126,2.578643624837605,0.0046694819999608,1.0048152186433408,2.04988226262331,0.1848262608815512,53,0,2,1,True,False
2018,2015-12-10,2016-12-20,2016-12-21,2017-12-29,0.1663547307610671,44.37243047683026,Global RRP,0.0618073528825602,0.0609562855590182,0.000851067323542,0.035592816346736,1.686976781421922,1.7126007946434432,2.548711533545281,-0.0225579335323183,2.702210531460568,0.0609562855590182,0.2056308167324079,2.617658245441437,0.0046699842982128,1.0048149922485847,2.0535817067389925,0.1848260928246827,53,0,2,2,True,False
2019,2016-12-08,2017-12-18,2017-12-19,2018-12-28,0.0821354670629246,24.72360050161022,Global RRP,0.000663571607238,0.000260515129042,0.000403056478196,0.0383636879653582,0.0259639760880992,0.0067906695851883,0.0333618851632583,-0.0455102555246269,0.005724316992706,0.000260515129042,0.1032302812145925,1.3105967453935532,0.0063075364592264,1.0019907218280968,0.2883816458186711,-0.8216582543155484,53,0,0,0,True,True
2019,2016-12-08,2017-12-18,2017-12-19,2018-12-28,0.0821354670629246,66.09843909069586,Global RRP,0.0006983683077006,0.0002934724553762,0.0004048958523243,0.0383663047322853,0.0268270149051637,0.0076492239068647,0.0344719720249939,-0.045513539848591,0.0064480252767097,0.0002934724553762,0.1036982741979007,1.3165383167384554,0.0063080935819604,1.0019907671170958,0.2883816331483033,-0.8203919640904447,53,0,0,1,True,False
2019,2016-12-08,2017-12-18,2017-12-19,2018-12-28,0.0821354670629246,244.70137762311143,Global RRP,0.0007142167049076,0.0003084784475373,0.0004057382573703,0.0383674909297167,0.0272199202995112,0.0080400995755084,0.0349773712652688,-0.045515020292567,0.0067775087334788,0.0003084784475373,0.1039126070686867,1.3192594559194968,0.0063083427093621,1.0019907882258023,0.2883812819589676,-0.8198150220761683,53,0,0,2,True,False
2019,2016-12-08,2017-12-18,2017-12-19,2018-12-28,0.1014999059442195,24.72360050161022,Global RRP,0.0028816719114856,0.0024629770839224,0.0004186948275632,0.0370454262504601,0.0851560708395895,0.0664853217579541,0.1096743120135344,-0.0441660014652689,0.0557663587875218,0.0024629770839224,0.1070075798923186,1.3585527840205935,0.0060741502117296,1.001997260014465,0.4037233401475018,-0.8254404014859023,53,0,1,0,True,False
2019,2016-12-08,2017-12-18,2017-12-19,2018-12-28,0.1014999059442195,66.09843909069586,Global RRP,0.0029244207212661,0.002503419663149,0.0004210010581171,0.037049007005101,0.0862446508040694,0.0675704928557022,0.1110811462113814,-0.0441709749167514,0.0566756714758324,0.002503419663149,0.1075930035880427,1.3659852387350913,0.0060748526607556,1.0019974454840483,0.4037232304850374,-0.8237832020460619,53,0,1,1,True,False
2019,2016-12-08,2017-12-18,2017-12-19,2018-12-28,0.1014999059442195,244.70137762311143,Global RRP,0.0029439692801174,0.0025219081954654,0.0004220610846519,0.0370506365297498,0.0867422261048398,0.0680665281807109,0.1117242247110623,-0.0441732098058765,0.0570913503127407,0.0025219081954654,0.107862090981255,1.369401533427124,0.0060751677097962,1.001997531044216,0.4037231784840815,-0.8230248007992472,53,0,1,2,True,False
2019,2016-12-08,2017-12-18,2017-12-19,2018-12-28,0.1331415271243842,24.72360050161022,Global RRP,0.0057997768400386,0.0053590987656639,0.0004406780743746,0.0353559999632012,0.1694169621876397,0.1515753697036363,0.2190038526558951,-0.0423880449025051,0.1264294868515452,0.0053590987656639,0.1123124957566381,1.425903229883575,0.0057634788277492,1.0020185822913292,0.5750919364446725,-0.825079668540574,53,0,2,0,True,False
2019,2016-12-08,2017-12-18,2017-12-19,2018-12-28,0.1331415271243842,66.09843909069586,Global RRP,0.0058552956460877,0.0054114515276291,0.0004438441184586,0.0353612767214201,0.1708754186615357,0.153033262069724,0.2209026208600685,-0.0423960234323255,0.1276405447852232,0.0054114515276291,0.1131139875678132,1.436078854194837,0.0057644199654731,1.002019075619712,0.5750932906711305,-0.8227388813598258,53,0,2,1,True,False
2019,2016-12-08,2017-12-18,2017-12-19,2018-12-28,0.1331415271243842,244.70137762311143,Global RRP,0.005880873286959,0.0054355419630165,0.0004453313239425,0.035363696026279,0.1715463984850136,0.1537040121308967,0.2217761890347643,-0.0423996005371418,0.1281979522013428,0.0054355419630165,0.1134905386146551,1.440859491917209,0.0057648442981055,1.0020193040013257,0.5750942034822031,-0.8216593058808943,53,0,2,2,True,False
2020,2017-12-07,2018-12-18,2018-12-19,2019-12-31,0.1012387471941294,9.38487777188476,Global RRP,0.0993298259690242,0.0986200845579408,0.0007097414110834,0.0276218671372563,3.433045447159049,3.5703627154488062,5.816383793177183,-0.0128516525343961,7.673727895614534,0.0986200845579408,0.1656207074535466,2.085964255083031,0.0033244713634832,1.0136378816245286,3.579929144317106,2.7405733002941965,54,0,0,0,True,True
2020,2017-12-07,2018-12-18,2018-12-19,2019-12-31,0.1012387471941294,92.42440979230932,Global RRP,0.0994877698458513,0.0987405743161771,0.0007471955296742,0.0279401573933239,3.398194190379162,3.534002079020864,5.729122225279528,-0.01314838966331,7.509708553261721,0.0987405743161771,0.1743399752513944,2.19578192967489,0.0033895940163958,1.0134039162747348,3.5395161744687,2.676477462350061,54,0,0,1,True,False
2020,2017-12-07,2018-12-18,2018-12-19,2019-12-31,0.1012387471941294,1963.531500602262,Global RRP,0.0995057493269759,0.0987536892673091,0.0007520600596668,0.0279809210984395,3.3937125995704656,3.5293223164414145,5.717918243726876,-0.013185262947024,7.489701924344111,0.0987536892673091,0.1754726613884966,2.2100479162809794,0.0033980212719889,1.013373999550564,3.53439546958388,2.6683641864700083,54,0,0,2,True,False
2020,2017-12-07,2018-12-18,2018-12-19,2019-12-31,0.1302535868490256,9.38487777188476,Global RRP,0.0972171604689102,0.0964643058576115,0.0007528546112987,0.0270414846432047,3.4331909732172705,3.5672710700021404,5.840189188982003,-0.0125952975421627,7.658755621667347,0.0964643058576115,0.1760239136771989,2.216990843813686,0.0032462034187847,1.0136388634691456,3.559632684111713,2.759237922429709,54,0,1,0,True,False
2020,2017-12-07,2018-12-18,2018-12-19,2019-12-31,0.1302535868490256,92.42440979230932,Global RRP,0.0973995899849409,0.0965999625945854,0.0007996273903554,0.0274321123538,3.3892188850958744,3.521419034331275,5.72994023052517,-0.0129576590520933,7.455047412980011,0.0965999625945854,0.1869345767078785,2.3544087635362976,0.0033286533185364,1.0133440406511935,3.5434936566064765,2.68248518583383,54,0,1,1,True,False
2020,2017-12-07,2018-12-18,2018-12-19,2019-12-31,0.1302535868490256,1963.531500602262,Global RRP,0.0974219808088647,0.0966162016239671,0.0008057791848976,0.0274836261722924,3.383458747108223,3.515409539421354,5.715505192738452,-0.013003235008928,7.430166536068138,0.0966162016239671,0.1883696243881156,2.37248294164687,0.0033392633718076,1.0133056954625976,3.5413974328936355,2.672555198678206,54,0,1,2,True,False
2020,2017-12-07,2018-12-18,2018-12-19,2019-12-31,0.1560984634576967,9.38487777188476,Global RRP,0.0956156140293282,0.0948284736062463,0.0007871404230819,0.0266339959714573,3.4290072439242327,3.5604298246448067,5.850052998819539,-0.0123863702767039,7.65587266389071,0.0948284736062463,0.184313150377525,2.3213923508755525,0.0031899879764387,1.0136106526360211,3.523328366346369,2.772929309866669,54,0,2,0,True,False
2020,2017-12-07,2018-12-18,2018-12-19,2019-12-31,0.1560984634576967,92.42440979230932,Global RRP,0.0958666761181936,0.0950252370615163,0.0008414390566773,0.0270828997743395,3.379278554618729,3.5086803057754805,5.724385018415748,-0.0127947319285868,7.426903321765168,0.0950252370615163,0.1969894034854472,2.481047573208952,0.0032849904929897,1.0132779078934429,3.5079055220876403,2.6862425232594087,54,0,2,1,True,False
2020,2017-12-07,2018-12-18,2018-12-19,2019-12-31,0.1560984634576967,1963.531500602262,Global RRP,0.0959091373319485,0.0950607275767798,0.0008484097551686,0.0271429725600267,3.3730585705475007,3.50222243958552,5.708367037664558,-0.0128465320714376,7.399719009625453,0.0950607275767798,0.1986145385203299,2.501515868777603,0.0032972957436283,1.013236623115744,3.505825804342381,2.674887243225653,54,0,2,2,True,False
2021,2018-12-06,2019-12-18,2019-12-19,2020-12-31,0.1181103628859636,2.9363103766328016,Global RRP,0.0801329178985332,0.0790779037583098,0.0010550141402234,0.047619157128596,1.628581181351324,1.6606321599678684,2.341909140850151,-0.0668635195704558,1.1826763572471428,0.0790779037583098,0.2505766434142549,3.147620494951683,0.0074017781043155,1.0046230553769526,2.717871722091152,-1.6122655469485403,54,0,0,0,True,True
2021,2018-12-06,2019-12-18,2019-12-19,2020-12-31,0.1181103628859636,12.518832198895398,Global RRP,0.0831661895152102,0.0820009708025371,0.0011652187126731,0.0486499246695613,1.6509373680559047,1.6855313006032762,2.369972649588589,-0.0670334393579532,1.223284551530445,0.0820009708025371,0.2760009023505423,3.466987525359689,0.0075952645698934,1.0046957421276796,2.66340770932123,-1.45186668628139,54,0,0,1,True,False
2021,2018-12-06,2019-12-18,2019-12-19,2020-12-31,0.1181103628859636,114.66320519512853,Global RRP,0.0843895160227623,0.0831801172581458,0.0012093987646164,0.0490633575686359,1.6597317947151573,1.695361291607147,2.3805922372184,-0.0671530091919205,1.2386655230954802,0.0831801172581458,0.2861522306683152,3.594503516589491,0.0076771811796419,1.0047246056150232,2.642477926909768,-1.3788749067467077,54,0,0,2,True,False
2021,2018-12-06,2019-12-18,2019-12-19,2020-12-31,0.1394844803124188,2.9363103766328016,Global RRP,0.0780787128952766,0.0769956007018395,0.0010831121934371,0.0466157972799084,1.621010848147322,1.6517061853412704,2.3285808573250684,-0.065699155340693,1.1719420181670075,0.0769956007018395,0.2577485129896147,3.237709991542164,0.0072683051519147,1.0045986653514525,2.6770671114290527,-1.614488544646032,54,0,1,0,True,False
2021,2018-12-06,2019-12-18,2019-12-19,2020-12-31,0.1394844803124188,12.518832198895398,Global RRP,0.0814164904690344,0.0802054371170357,0.0012110533519986,0.0477697375462169,1.6455551548517946,1.6790010001507218,2.359149361588625,-0.0658719003975422,1.2175971337245397,0.0802054371170357,0.2873339344993494,3.609347498641629,0.0074827079278303,1.0046781528291684,2.619961543058348,-1.4380891364698252,54,0,1,1,True,False
2021,2018-12-06,2019-12-18,2019-12-19,2020-12-31,0.1394844803124188,114.66320519512853,Global RRP,0.0827960517178423,0.0815329748090796,0.0012630769087627,0.0482486012979179,1.6552640376597247,1.6898515732226622,2.3706941911693784,-0.0660018401579964,1.2353136611631494,0.0815329748090796,0.2993066161722408,3.759742434496937,0.0075772786904172,1.0047099232857926,2.5959291001805864,-1.3528113733416856,54,0,1,2,True,False
2021,2018-12-06,2019-12-18,2019-12-19,2020-12-31,0.148645495035868,2.9363103766328016,Global RRP,0.0772718099516389,0.0761788346212462,0.0010929753303927,0.0462229670150712,1.6179107873613885,1.648073231569224,2.322935058598289,-0.0652328068913077,1.16779942871655,0.0761788346212462,0.2602932946613033,3.269676286707761,0.0072149802243687,1.0045887102316158,2.658678897072225,-1.6147092872592532,54,0,2,0,True,False
2021,2018-12-06,2019-12-18,2019-12-19,2020-12-31,0.148645495035868,12.518832198895398,Global RRP,0.0807523117041786,0.079524448762934,0.0012278629412445,0.0474253273236368,1.643806872318866,1.676835000426005,2.3552549679067023,-0.06540741825736,1.2158322539199973,0.079524448762934,0.2915056362995322,3.6617503639133697,0.0074372717040059,1.0046724516609675,2.6021721821403507,-1.4321808142656205,54,0,2,1,True,False
2021,2018-12-06,2019-12-18,2019-12-19,2020-12-31,0.148645495035868,114.66320519512853,Global RRP,0.082179077188865,0.0808953738331412,0.0012837033557238,0.0479350899972522,1.6534216858359798,1.6876024189748768,2.366494737279133,-0.0655417340479355,1.2342574545552385,0.0808953738331412,0.3043729359156195,3.823383050162276,0.0075373485864299,1.004703880252489,2.57570104631232,-1.342034637769189,54,0,2,2,True,False
2022,2019-12-06,2020-12-18,2020-12-21,2021-12-31,0.0851463449084798,2.009725534483516,Global RRP,0.0778636508565677,0.0770814028599407,0.000782247996627,0.0366796595420991,2.051075884551413,2.101475417771267,2.9083303007738035,-0.0199118551741214,3.871131152064629,0.0770814028599407,0.1861804459924745,2.357416807156713,0.0054833201575566,1.0061631910877962,1.8388065651755852,0.5815521456108256,54,0,0,0,True,True
2022,2019-12-06,2020-12-18,2020-12-21,2021-12-31,0.0851463449084798,5.665258054997339,Global RRP,0.0785146036769393,0.0776704498788758,0.0008441537980634,0.0370804429471818,2.0441123540505783,2.094647304766864,2.8984849536792985,-0.0200000643998816,3.883509989064604,0.0776704498788758,0.2007848348166026,2.5423375784478224,0.0055480719202085,1.0061349613200024,1.836061337927315,0.5419467983272943,54,0,0,1,True,False
2022,2019-12-06,2020-12-18,2020-12-21,2021-12-31,0.0851463449084798,18.61030491106525,Global RRP,0.0787823452548368,0.0779046697746328,0.000877675480204,0.0373051077216733,2.0378757188556333,2.088311079433558,2.889214802360283,-0.0200568859609313,3.8841857069129615,0.0779046697746328,0.2087020834478802,2.6425857806170603,0.0055840977658739,1.00610975917193,1.833089856376036,0.5174892678940006,54,0,0,2,True,False
2022,2019-12-06,2020-12-18,2020-12-21,2021-12-31,0.1077596259001431,2.009725534483516,Global RRP,0.0770261604033157,0.0762172038575643,0.0008089565457514,0.0354292561928808,2.09944310935407,2.1512504649442667,2.969852057335063,-0.0191643020803413,3.977040412849031,0.0762172038575643,0.1926833227087218,2.439756232137836,0.0053153707354691,1.0063618959778455,1.935240788148838,0.5902655976306711,54,0,1,0,True,False
2022,2019-12-06,2020-12-18,2020-12-21,2021-12-31,0.1077596259001431,5.665258054997339,Global RRP,0.0775624508799488,0.0766787356854825,0.0008837151944662,0.0358965255157151,2.084572791539018,2.1361046670634867,2.9479522312932085,-0.019285434294456,3.975992166664622,0.0766787356854825,0.2103763554093208,2.66378541219282,0.0053924643864105,1.0063003160795896,1.9229094100539847,0.5409352487681617,54,0,1,1,True,False
2022,2019-12-06,2020-12-18,2020-12-21,2021-12-31,0.1077596259001431,18.61030491106525,Global RRP,0.0777698333415213,0.0768434234526007,0.0009264098889205,0.0361726474571891,2.0731811086269976,2.1243516539270724,2.9308134120428795,-0.0193672480824242,3.967699650748827,0.0768434234526007,0.2204935931328494,2.79188987624814,0.0054375705016424,1.0062534352312429,1.914344954079068,0.5091711850347184,54,0,1,2,True,False
2022,2019-12-06,2020-12-18,2020-12-21,2021-12-31,0.1189355251699408,2.009725534483516,Global RRP,0.0765224791020564,0.075702416989797,0.0008200621122593,0.0348939983736527,2.1173397880123592,2.1694967764702304,2.9920545293662206,-0.0188331178655773,4.019643350088286,0.075702416989797,0.1954183592409352,2.4743872647087217,0.005243107024525,1.006436583778199,1.9753004170418649,0.5906078216684683,54,0,2,0,True,False
2022,2019-12-06,2020-12-18,2020-12-21,2021-12-31,0.1189355251699408,5.665258054997339,Global RRP,0.0770805904019351,0.0761793694935508,0.0009012209083842,0.0353938078072639,2.100513161385412,2.152336078344089,2.967177096097349,-0.0189680629475798,4.016191305568756,0.0761793694935508,0.2146378690958808,2.717744698492043,0.005325351593598,1.006366343937171,1.9605006187094367,0.5373715817303953,54,0,2,1,True,False
2022,2019-12-06,2020-12-18,2020-12-21,2021-12-31,0.1189355251699408,18.61030491106525,Global RRP,0.0773217338251248,0.07637387752501,0.0009478563001148,0.0356923652163068,2.088324569726703,2.1397819130831053,2.948743068692379,-0.0190612206792382,4.006767394923331,0.07637387752501,0.2256905089460859,2.85769322427534,0.0053742129848291,1.0063158117436035,1.951290246283203,0.5026163504644067,54,0,2,2,True,False
2023,2020-12-07,2021-12-17,2021-12-20,2022-12-30,0.1336116991429079,8.519576274913973,Global RRP,0.0093101980429715,0.0088873313182831,0.0004228667246883,0.0337542863612274,0.2800020590781235,0.2632948960370179,0.384062269372169,-0.0260438195012102,0.3412453122657421,0.0088873313182831,0.1074686766641503,1.3607683839214717,0.0050486762664988,1.0020679823948138,-0.2286251403315528,-1.0768479688374548,52,0,0,0,True,True
2023,2020-12-07,2021-12-17,2021-12-20,2022-12-30,0.1336116991429079,21.801910546380466,Global RRP,0.0093264915723774,0.0088936560076586,0.0004328355647187,0.0337626198676734,0.2801276722647002,0.263417236059162,0.3842388082889812,-0.0260043805595993,0.3420060703724649,0.0088936560076586,0.1100009173702248,1.3928316157417868,0.0050483017126947,1.0020680523295504,-0.2283905555967403,-1.076219529341183,52,0,0,1,True,False
2023,2020-12-07,2021-12-17,2021-12-20,2022-12-30,0.1336116991429079,109.2552565810145,Global RRP,0.0093343409488286,0.0088958632280402,0.0004384777207884,0.0337675424720054,0.2801567886571413,0.2634442004601095,0.3842805338585079,-0.0259840274800844,0.3423589062495615,0.0088958632280402,0.1114342316330112,1.4109802409371883,0.0050482892312141,1.0020680685444854,-0.2282646527529299,-1.0759755799040425,52,0,0,2,True,False
2023,2020-12-07,2021-12-17,2021-12-20,2022-12-30,0.1522438759604273,8.519576274913973,Global RRP,0.0100469995294756,0.0096151281141456,0.0004318714153299,0.0328420282506292,0.3089031769609767,0.2927690105120543,0.4241885358828643,-0.0252089284861829,0.3814175647892266,0.0096151281141456,0.1096759507698759,1.3887168886481696,0.0049298287452237,1.0020848994782945,-0.1734035516852476,-1.0768729242201391,52,0,1,0,True,False
2023,2020-12-07,2021-12-17,2021-12-20,2022-12-30,0.1522438759604273,21.801910546380466,Global RRP,0.0100728353113612,0.0096295667627841,0.0004432685485771,0.0328515994832545,0.3092597847724073,0.2931232242647004,0.4246917151007224,-0.0251593099997431,0.3827436747224967,0.0096295667627841,0.1125679784492992,1.4253357431250264,0.0049294704924189,1.002085118584942,-0.1730702283613818,-1.0752467082688066,52,0,1,1,True,False
2023,2020-12-07,2021-12-17,2021-12-20,2022-12-30,0.1522438759604273,109.2552565810145,Global RRP,0.0100866896117757,0.0096370055426553,0.0004496840691203,0.0328573302576845,0.3094366915715246,0.29329849586308,0.4249424530089874,-0.0251322100174422,0.3834523719150471,0.0096370055426553,0.1141959640260916,1.445949296498373,0.0049292725518548,1.0020852273736498,-0.1729400089738456,-1.0743009275406563,52,0,1,2,True,False
2023,2020-12-07,2021-12-17,2021-12-20,2022-12-30,0.1702761900545495,8.519576274913973,Global RRP,0.0107906388800462,0.0103511663434161,0.0004394725366301,0.0320540671941149,0.3385283078321857,0.3229283285871626,0.4654524827930418,-0.0243557034939699,0.4249996862533208,0.0103511663434161,0.1115229490003577,1.4121035802425297,0.0048256782658379,1.0021039633774234,-0.1261693451748946,-1.0596699597783692,52,0,2,0,True,False
2023,2020-12-07,2021-12-17,2021-12-20,2022-12-30,0.1702761900545495,21.801910546380466,Global RRP,0.0108164121773948,0.0103643726897553,0.0004520394876394,0.0320646929888568,0.3388359902496936,0.3232331802882743,0.4658940267142095,-0.0243022162789487,0.4264784977135277,0.0103643726897553,0.1147097075434668,1.4524543169153772,0.0048252632767405,1.0021041705243263,-0.1257733782926694,-1.057851583987974,52,0,2,1,True,False
2023,2020-12-07,2021-12-17,2021-12-20,2022-12-30,0.1702761900545495,109.2552565810145,Global RRP,0.0108267391269814,0.0103675833748764,0.0004591557521049,0.0320713184436647,0.3388720728182133,0.3232665159397087,0.4659522951241823,-0.0242726393721665,0.4271304498827991,0.0103675833748764,0.1165147312327273,1.4753095268687937,0.0048250496540165,1.002104194829208,-0.1255966577869331,-1.0567539717745775,52,0,2,2,True,False
2024,2021-12-06,2022-12-16,2022-12-19,2023-12-29,0.2022378613882912,11.520862443053058,Global RRP,0.0517738571682979,0.0512022058746153,0.0005716512936826,0.0179924638068839,2.79559259690853,2.845758447768846,4.479444883406624,-0.0136467050102844,3.751983049097079,0.0512022058746153,0.1394592879444694,1.7658335039528716,0.0023924983371168,1.0097289072179194,2.610372764256783,1.4882315002911273,52,0,0,0,True,True
2024,2021-12-06,2022-12-16,2022-12-19,2023-12-29,0.2022378613882912,35.26749500479325,Global RRP,0.0517747370801233,0.0511876178510541,0.0005871192290691,0.0180445402088125,2.78680406753386,2.836737165852272,4.461176464830937,-0.0136467083771676,3.7509131459639296,0.0511876178510541,0.1432317014819326,1.813599804164231,0.002404136238394,1.0096805112916254,2.5955353987811147,1.4878977861869698,52,0,0,1,True,False
2024,2021-12-06,2022-12-16,2022-12-19,2023-12-29,0.2022378613882912,145.16729246578248,Global RRP,0.0517757199848309,0.0511823820906378,0.0005933378941931,0.0180655646363214,2.7833049050835243,2.833145994658473,4.45388346531868,-0.013646705601426,3.75053024411178,0.0511823820906378,0.1447482266686402,1.8328020460783223,0.0024087708084091,1.009661284171235,2.589627726984899,1.4877712432254282,52,0,0,2,True,False
2024,2021-12-06,2022-12-16,2022-12-19,2023-12-29,0.2110992291704375,11.520862443053058,Global RRP,0.0517549172090978,0.051178429921,0.0005764872880977,0.0178457010052826,2.8171639988034056,2.867829619349235,4.520348494262536,-0.0134955883526782,3.792234068168167,0.051178429921,0.1406416803920062,1.7808049571235829,0.0023730233837279,1.009848330882792,2.634652257592541,1.5055892298633229,52,0,1,0,True,False
2024,2021-12-06,2022-12-16,2022-12-19,2023-12-29,0.2110992291704375,35.26749500479325,Global RRP,0.0517597526932966,0.0511672148963811,0.0005925377969155,0.0178999496752748,2.808081575197409,2.858511662022056,4.501391746803007,-0.01349558348133,3.79140442257768,0.0511672148963811,0.1445557388530384,1.8303647653571733,0.0023850751502921,1.009797938579244,2.6190695077583657,1.5052322083123,52,0,1,1,True,False
2024,2021-12-06,2022-12-16,2022-12-19,2023-12-29,0.2110992291704375,145.16729246578248,Global RRP,0.0517632070956735,0.0511642377095005,0.0005989693861729,0.0179218620995754,2.804511360096336,2.8548505409330462,4.493906113726566,-0.0134955785898599,3.791185192159404,0.0511642377095005,0.146123892666343,1.8502207289412356,0.0023898823795169,1.009778173708181,2.6128521030890086,1.5050932366137233,52,0,1,2,True,False
2024,2021-12-06,2022-12-16,2022-12-19,2023-12-29,0.2201910819680793,11.520862443053058,Global RRP,0.0517336832276718,0.051152471360357,0.0005812118673147,0.0177024868443977,2.8384109562739592,2.889564150504948,4.560884755626057,-0.0133479570468465,3.832232242044997,0.051152471360357,0.1417972694525571,1.7954370258082784,0.0023537659849962,1.0099668417466394,2.658502078373795,1.5230589508471135,52,0,2,0,True,False
2024,2021-12-06,2022-12-16,2022-12-19,2023-12-29,0.2201910819680793,35.26749500479325,Global RRP,0.0517430519064598,0.0511452651041912,0.0005977868022686,0.0177589334550062,2.829057598839777,2.8799739147495584,4.541260093735784,-0.0133479558042152,3.831692721670523,0.0511452651041912,0.1458387390136685,1.8466101133910715,0.0023662310038609,1.009914562771877,2.6421445304826303,1.52266161324199,52,0,2,1,True,False
2024,2021-12-06,2022-12-16,2022-12-19,2023-12-29,0.2201910819680793,145.16729246578248,Global RRP,0.0517485665665686,0.0511441268993804,0.0006044396671882,0.017781798340492,2.825381449474488,2.876206664818416,4.533493261749198,-0.013347954927672,3.8316077014428624,0.0511441268993804,0.1474606075904546,1.8671462133103371,0.0023712074337474,1.0098940620697077,2.6357413339758877,1.5225103155468414,52,0,2,2,True,False
2025,2022-12-05,2023-12-15,2023-12-18,2024-12-31,0.1931315933826733,15.490805340765796,Global RRP,0.0878265516361678,0.0869437790178377,0.00088277261833,0.0330800042564936,2.547185384706488,2.6282880238980177,3.9711796942754303,-0.0188983350893863,4.600605217687517,0.0869437790178377,0.2083204410389002,2.609914338160839,0.0042382522213671,1.008418897125498,2.327781220788273,1.3409112977818487,54,0,0,0,True,True
2025,2022-12-05,2023-12-15,2023-12-18,2024-12-31,0.1931315933826733,28.7044456047924,Global RRP,0.0877916161696008,0.0868959021608828,0.000895714008718,0.0332543537626768,2.532673685129001,2.6130684355204905,3.945438959123741,-0.0189049122381764,4.596472126720892,0.0868959021608828,0.2113804063093926,2.648250697252173,0.0042657413344614,1.0083460837886573,2.3320842633476104,1.3094774506928175,54,0,0,1,True,False
2025,2022-12-05,2023-12-15,2023-12-18,2024-12-31,0.1931315933826733,57.97826976396596,Global RRP,0.0877704103613339,0.0868666221854788,0.0009037881758551,0.0333642103276828,2.5236328395466145,2.60358693738974,3.929429506618337,-0.0189090019686145,4.593929511967967,0.0868666221854788,0.2132894845668268,2.6721683247874286,0.0042848197772161,1.008300928477309,2.334768622595999,1.290146195386618,54,0,0,2,True,False
2025,2022-12-05,2023-12-15,2023-12-18,2024-12-31,0.1985079414047971,15.490805340765796,Global RRP,0.0877595771184027,0.0868731365838513,0.0008864405345514,0.032936615216352,2.5561496242257262,2.637585435334029,3.9859035597620056,-0.0187382396926566,4.636141815279274,0.0868731365838513,0.2091993939071384,2.620926179735013,0.0042168179942382,1.0084640809629706,2.3360972237518114,1.3481680355754355,54,0,1,0,True,False
2025,2022-12-05,2023-12-15,2023-12-18,2024-12-31,0.1985079414047971,28.7044456047924,Global RRP,0.0877330022215441,0.0868332543156527,0.0008997479058914,0.0331151761598537,2.5414310949784387,2.6221589127743337,3.959885100044676,-0.0187452615382947,4.632277556558014,0.0868332543156527,0.2123443025759643,2.660326740649927,0.0042463580045843,1.008389975480937,2.3406098445487835,1.316439039984873,54,0,1,1,True,False
2025,2022-12-05,2023-12-15,2023-12-18,2024-12-31,0.1985079414047971,57.97826976396596,Global RRP,0.0877353673603456,0.0868273815682496,0.0009079857920959,0.0332294190754235,2.5326439224071557,2.612967183421724,3.944695282114627,-0.0187496075281337,4.630890616668404,0.0868273815682496,0.2142876468871123,2.6846736657829315,0.0042656400657224,1.0083459348744856,2.343611694540796,1.2979541681975657,54,0,1,2,True,False
2025,2022-12-05,2023-12-15,2023-12-18,2024-12-31,0.2154975911698461,15.490805340765796,Global RRP,0.0877013094050562,0.0868049182274257,0.0008963911776305,0.0325169679640352,2.5867786864612863,2.6695268243778,4.038201431181802,-0.0182537162392718,4.75546552217514,0.0868049182274257,0.2115613822226697,2.6505180293899517,0.0041537585721721,1.0086196476230156,2.361870568541784,1.38008707816584,54,0,2,0,True,False
2025,2022-12-05,2023-12-15,2023-12-18,2024-12-31,0.2154975911698461,28.7044456047924,Global RRP,0.0877591474873475,0.0868490135480763,0.0009101339392711,0.0327129744592507,2.5727197040414587,2.6548797528717736,4.014243614425087,-0.0182621179646016,4.755692286974604,0.0868490135480763,0.2147931096797432,2.6910062876961494,0.0041861608350454,1.0085480142081849,2.36712675365886,1.3519023682936473,54,0,2,1,True,False
2025,2022-12-05,2023-12-15,2023-12-18,2024-12-31,0.2154975911698461,57.97826976396596,Global RRP,0.0877953389008834,0.0868766217422054,0.0009187171586779,0.0328373002336026,2.5638795781325103,2.645668831608269,3.999184904885242,-0.0182673218040457,4.755848869042442,0.0868766217422054,0.2168112438886943,2.7162902079010367,0.0042065892219804,1.0085031692625854,2.3703717935753885,1.3345021157777843,54,0,2,2,True,False
2026,2023-12-05,2024-12-18,2024-12-19,2025-12-31,0.1573543750550408,3.7925857433816303,Global RRP,0.0832688121677678,0.0825712258383781,0.0006975863293896,0.0364003514935432,2.206836835802438,2.268418365493665,3.0493411381344884,-0.0260709560707723,3.167172911274517,0.0825712258383781,0.1651698693648481,2.0802860270865784,0.0050295846278067,1.0068195049647175,1.9352856294692533,1.153960515945193,55,0,0,0,True,True
2026,2023-12-05,2024-12-18,2024-12-19,2025-12-31,0.1573543750550408,5.600271568985411,Global RRP,0.0841435641344079,0.0834119682327139,0.000731595901694,0.036641308641947,2.213841515520428,2.2764462112366712,3.06580540088021,-0.0260543766430993,3.2014570670914857,0.0834119682327139,0.1730860511885244,2.179988972296846,0.0050704175269238,1.0068501376634122,1.9341770135636271,1.1517935975572495,55,0,0,1,True,False
2026,2023-12-05,2024-12-18,2024-12-19,2025-12-31,0.1573543750550408,14.02527600869291,Global RRP,0.0854773604090084,0.0846948056963599,0.0007825547126485,0.0370234274072346,2.223471228579473,2.2876003554389945,3.0899358242488284,-0.0260311577837429,3.253593497453026,0.0846948056963599,0.1849205116096952,2.329041960877282,0.0051317314829165,1.006892407028336,1.9315511028337844,1.1488509158840083,55,0,0,2,True,False
2026,2023-12-05,2024-12-18,2024-12-19,2025-12-31,0.1789046610249782,3.7925857433816303,Global RRP,0.0820311662384492,0.0813062881970199,0.0007248780414292,0.0356592361998069,2.219023215255793,2.2800905701244423,3.076889763237255,-0.0251602212766964,3.231541062491616,0.0813062881970199,0.1718313409189073,2.164186112780376,0.0049243980016584,1.006872860014982,1.9648539431852456,1.1534886183521025,55,0,1,0,True,False
2026,2023-12-05,2024-12-18,2024-12-19,2025-12-31,0.1789046610249782,5.600271568985411,Global RRP,0.0830080867902012,0.0822458581778644,0.0007622286123367,0.035922913104136,2.2272788080143275,2.289509704835013,3.0958796922723737,-0.0251420827798616,3.271242836084445,0.0822458581778644,0.1805258229796492,2.273691615286789,0.0049686644659265,1.0069091704157778,1.96463839502886,1.151041721557967,55,0,1,1,True,False
2026,2023-12-05,2024-12-18,2024-12-19,2025-12-31,0.1789046610249782,14.02527600869291,Global RRP,0.0844956085668686,0.0836768249060004,0.0008187836608681,0.0363486892838607,2.238118872949246,2.3020589340247293,3.1231117664722308,-0.0251165761467274,3.3315378822803066,0.0836768249060004,0.1936603661384718,2.439118921795753,0.0050357713730677,1.0069570508071446,1.96348328983639,1.1477235457511992,55,0,1,2,True,False
2026,2023-12-05,2024-12-18,2024-12-19,2025-12-31,0.2052505692627999,3.7925857433816303,Global RRP,0.0807202158939039,0.0799691327584637,0.0007510831354402,0.0348475532788789,2.2342250486167647,2.2948277636161336,3.110128381435665,-0.024164489149592,3.3093657500230624,0.0799691327584637,0.178261905812956,2.245177968902833,0.0048075944509552,1.0069398253561035,1.9956482516837568,1.155440546021394,55,0,2,0,True,False
2026,2023-12-05,2024-12-18,2024-12-19,2025-12-31,0.2052505692627999,5.600271568985411,Global RRP,0.0817607912852413,0.0809680884923207,0.0007927027929206,0.0351392648250396,2.242390790802616,2.3042055346196184,3.129862295729163,-0.0241429202835911,3.353699036456299,0.0809680884923207,0.1879626614407387,2.367357313490684,0.0048557733752777,1.0069759830282794,1.9964644545233745,1.1525405833925388,55,0,2,1,True,False
2026,2023-12-05,2024-12-18,2024-12-19,2025-12-31,0.2052505692627999,14.02527600869291,Global RRP,0.0833999983114184,0.0825438131230922,0.0008561851883261,0.0356160040203238,2.2539206551307145,2.3176045542894035,3.159555652647229,-0.024112914236217,3.423220118251537,0.0825438131230922,0.2027145600876108,2.553154933517236,0.0049296004801867,1.007027259330704,1.996599553882261,1.1484609804805612,55,0,2,2,True,False
