window,model,start_date,end_date,observations,annualized_return,annualized_volatility,sharpe_ratio,max_drawdown,calmar_ratio,cvar_95_daily_loss,avg_monthly_turnover,annualized_turnover
full_available_sample,Global Relaxed Risk Parity,2007-01-19,2026-08-28,4703,0.04408451060424956,0.03888103592612676,0.51269764434695,-0.0638517493329277,0.6904197780767085,0.006254669901256382,0.1799607136927253,2.1662384526740994
pre_2020,Global Relaxed Risk Parity,2007-01-19,2019-12-31,3089,0.040423054535529745,0.035443035593463824,0.37913576808804367,-0.05846043214910546,0.6914600705042562,0.0055374247120250535,0.15018156180197778,1.8095147409420367
2020_2021,Global Relaxed Risk Parity,2020-01-02,2021-12-31,486,0.10116899504435461,0.063039595815935,1.2048397866911682,-0.06385174933292725,1.5844357609820956,0.008963124622389068,0.25,3.006172839506173
post_2021,Global Relaxed Risk Parity,2022-01-04,2026-08-28,1128,0.029069424372661468,0.03386840041443489,0.36990759588244215,-0.052823440082670814,0.5503129733157599,0.006170878813948212,0.2329000855424041,2.8071528283349045
post_2022,Global Relaxed Risk Parity,2023-01-03,2026-08-28,886,0.04300210051299591,0.03144157124214353,0.847879097578422,-0.038199398286119846,1.1257271695984064,0.005464993069412608,0.22828800014128034,2.752300412806089
rolling_36m_2007-01-01_2009-12-31,Global Relaxed Risk Parity,2007-01-19,2009-12-31,660,0.0,0.0,0.0,0.0,0.0,0.0,0.0,0.0
rolling_36m_2008-01-01_2010-12-31,Global Relaxed Risk Parity,2008-01-02,2010-12-31,686,0.0,0.0,0.0,0.0,0.0,0.0,0.0,0.0
rolling_36m_2009-01-01_2011-12-31,Global Relaxed Risk Parity,2009-01-05,2011-12-30,719,0.0,0.0,0.0,0.0,0.0,0.0,0.0,0.0
rolling_36m_2010-01-01_2012-12-31,Global Relaxed Risk Parity,2010-01-04,2012-12-31,727,-0.004277129928235257,0.023768671692475086,-1.2507361372054588,-0.05846043214910546,-0.07316281749895864,0.004088889979939475,0.06944444444444445,0.836195054945055
rolling_36m_2011-01-01_2013-12-31,Global Relaxed Risk Parity,2011-01-04,2013-12-31,725,0.022234464055036707,0.038870468322691996,-0.18885191310402658,-0.05846043214910546,0.3803335561791076,0.005836038112063104,0.1527777777777778,1.839629120879121
rolling_36m_2012-01-01_2014-12-31,Global Relaxed Risk Parity,2012-01-04,2014-12-31,726,0.04718337604255973,0.04623687357407481,0.35026087682920237,-0.05846043214910546,0.807099337244323,0.006577844195716274,0.2361111111111111,2.843063186813187
rolling_36m_2013-01-01_2015-12-31,Global Relaxed Risk Parity,2013-01-04,2015-12-31,727,0.1158652503591564,0.05391847315093487,1.4961976361255742,-0.05469553819758388,2.1183674971914734,0.007262884760958944,0.25,3.0130614115490375
rolling_36m_2014-01-01_2016-12-31,Global Relaxed Risk Parity,2014-01-02,2016-12-30,733,0.1001612307049653,0.05066243672455832,1.3737692568243303,-0.05469553819758366,1.8312504823179567,0.0070684343776411555,0.25,3.0075480329368713
rolling_36m_2015-01-01_2017-12-31,Global Relaxed Risk Parity,2015-01-05,2017-12-29,732,0.1019659855597983,0.05101617180927425,1.4151204315099812,-0.05469553819758355,1.8642468640029428,0.006950215194448607,0.2480089900307926,2.9945548300412232
rolling_36m_2016-01-01_2018-12-31,Global Relaxed Risk Parity,2016-01-04,2018-12-28,731,0.046088410653353895,0.04078923077006333,0.43789688123824116,-0.03331295308129267,1.3834982008615575,0.006128452339144595,0.2480089900307926,2.9945548300412232
rolling_36m_2017-01-01_2019-12-31,Global Relaxed Risk Parity,2017-01-03,2019-12-31,731,0.04944075252962987,0.03491869347622739,0.5658089315419684,-0.03331295308129256,1.4841299841830637,0.005135660055253875,0.2480089900307926,2.9863280310575937
rolling_36m_2018-01-01_2020-12-31,Global Relaxed Risk Parity,2018-01-02,2020-12-31,730,0.06919900808598789,0.04662820567367846,0.9074256694785168,-0.0638517493329277,1.0837449061133657,0.007303119984069724,0.25,3.004798903107861
rolling_36m_2019-01-01_2021-12-31,Global Relaxed Risk Parity,2019-01-02,2021-12-31,730,0.08959606168381407,0.052955105560647045,1.2039633180286176,-0.0638517493329277,1.4031888338196286,0.008005922948827246,0.25,3.004798903107861
rolling_36m_2020-01-01_2022-12-31,Global Relaxed Risk Parity,2020-01-02,2022-12-30,728,0.059332413665738715,0.05686098787415986,0.664445959793845,-0.06385174933292725,0.9292214275348287,0.008733400187923955,0.24993702178217492,3.00679039287632
rolling_36m_2021-01-01_2023-12-31,Global Relaxed Risk Parity,2021-01-04,2023-12-29,727,0.019314898151066906,0.040376750556026485,-0.033280178096262235,-0.05763563152458451,0.33512078622454455,0.006962587921817585,0.2474104733679644,2.9873281123189748
rolling_36m_2022-01-01_2024-12-31,Global Relaxed Risk Parity,2022-01-04,2024-12-31,726,0.006324915189920288,0.024444946191091516,-0.4964055169034043,-0.052823440082670814,0.11973690429895405,0.004575675831703478,0.22340013306596193,2.6900076462310745
rolling_36m_2023-01-01_2025-12-31,Global Relaxed Risk Parity,2023-01-03,2025-12-31,727,0.038684310310762804,0.017537303567622616,1.2158945314942908,-0.020849066908714353,1.85544564081157,0.0025632446496123276,0.22346311128378707,2.6883041631020275
full_available_sample,Defensive Dynamic Relaxed Risk Parity,2012-03-30,2026-08-28,3400,0.06697301554768997,0.04954135531172429,0.8514282776776281,-0.07024843804602288,0.9533737320082899,0.007327771234599347,0.24527982159494396,2.961320505648608
pre_2020,Defensive Dynamic Relaxed Risk Parity,2012-03-30,2019-12-31,1832,0.08091242325828096,0.051621973627748424,0.9815104600195051,-0.06666744284904091,1.2136722184094537,0.007247548920596509,0.249826963088091,3.0287549566331116
2020_2021,Defensive Dynamic Relaxed Risk Parity,2020-01-02,2021-12-31,472,0.1120594659968468,0.06307460609954173,1.3606252711645674,-0.051800178364396765,2.163302705418238,0.00875181514572467,0.25,3.006172839506173
post_2021,Defensive Dynamic Relaxed Risk Parity,2022-01-04,2026-08-28,1096,0.02447652031243641,0.0379480219894993,0.2163480447500641,-0.06250363493896982,0.3916015498352364,0.006446058917818506,0.23562418620070893,2.8399865082789044
post_2022,Defensive Dynamic Relaxed Risk Parity,2023-01-03,2026-08-28,860,0.044303223650385526,0.03222522148739532,0.8673796695233064,-0.042639521328424745,1.0390178470613296,0.0054737720460495305,0.2317035097099932,2.7934786980864974
rolling_36m_2012-03-01_2015-02-28,Defensive Dynamic Relaxed Risk Parity,2012-03-30,2015-02-27,683,0.07633614293883584,0.04951703778446812,0.8797381309058425,-0.06438933487952048,1.1855401687510696,0.006720012533592824,0.2495481813966821,3.0839370650234708
rolling_36m_2013-03-01_2016-02-29,Defensive Dynamic Relaxed Risk Parity,2013-03-01,2016-02-29,708,0.10390441730300037,0.05612881174317673,1.2517975838530775,-0.06666744284904125,1.5585481137813677,0.007705100738571442,0.24954818139668206,2.9966292577031712
rolling_36m_2014-03-01_2017-02-28,Defensive Dynamic Relaxed Risk Parity,2014-03-03,2017-02-28,715,0.11384118689449196,0.05579158577687252,1.4855645860803626,-0.06666744284904258,1.7075979223061928,0.007767102046801126,0.25,3.0075480329368713
rolling_36m_2015-03-01_2018-02-28,Defensive Dynamic Relaxed Risk Parity,2015-03-02,2018-02-28,717,0.1036919503079945,0.05853832272346721,1.2628793455479348,-0.06666744284904069,1.5553611459613164,0.00822417067504254,0.25,3.004798903107861
rolling_36m_2016-03-01_2019-02-28,Defensive Dynamic Relaxed Risk Parity,2016-03-01,2019-02-28,709,0.07892126175040248,0.05143712204382356,0.956719008320907,-0.05371962289040677,1.4691328327343156,0.007400748425910791,0.25,3.004798903107861
rolling_36m_2017-03-01_2020-02-29,Defensive Dynamic Relaxed Risk Parity,2017-03-01,2020-02-28,703,0.08819558454168908,0.05050432330383132,1.1264273338952284,-0.05371962289040666,1.6417759432454837,0.007092758824314825,0.25,3.004798903107861
rolling_36m_2018-03-01_2021-02-28,Defensive Dynamic Relaxed Risk Parity,2018-03-01,2021-02-26,702,0.08718184153624331,0.052939426784522785,1.1312404836574874,-0.051800178364396765,1.6830413386407377,0.007678176913575141,0.25,3.0075480329368713
rolling_36m_2019-03-01_2022-02-28,Defensive Dynamic Relaxed Risk Parity,2019-03-01,2022-02-28,707,0.08972650230940493,0.056277562459656975,1.1417459903796476,-0.051800178364396876,1.7321658948393786,0.008224455485177638,0.25,3.0020547945205482
rolling_36m_2020-03-01_2023-02-28,Defensive Dynamic Relaxed Risk Parity,2020-03-02,2023-02-28,711,0.03666682233482654,0.05771046785581764,0.28118642275124345,-0.07024843804602277,0.5219592542513832,0.008529816456387071,0.25,3.0075480329368713
rolling_36m_2021-03-01_2024-02-29,Defensive Dynamic Relaxed Risk Parity,2021-03-01,2024-02-29,708,0.009218937431270335,0.04539677876116011,-0.23807112436419342,-0.07024843804602221,0.13123334393898817,0.0071449183384451114,0.23696058979454915,2.8454746988205724
rolling_36m_2022-03-01_2025-02-28,Defensive Dynamic Relaxed Risk Parity,2022-03-01,2025-02-28,705,0.008736967798507855,0.03038000835707382,-0.29994137742996757,-0.046963390022348506,0.18603784339993742,0.005170422060443772,0.22763762297888057,2.733522469908037
rolling_36m_2023-03-01_2026-02-28,Defensive Dynamic Relaxed Risk Parity,2023-03-01,2026-02-27,704,0.05207105166096748,0.02358390812512122,1.470691127673143,-0.020329804863625345,2.5613158616261225,0.0035958305464160595,0.22763762297888057,2.7360211193320847
full_available_sample,Convex Adaptive Global RRP,2007-01-19,2026-08-28,4703,0.11588459214306512,0.1587616862056014,0.6192471712496574,-0.28870716566057253,0.4013914648703538,0.023748028877919644,0.00423728813559322,0.05100544616673649
pre_2020,Convex Adaptive Global RRP,2007-01-19,2019-12-31,3089,0.12116629843387772,0.1546536897182651,0.6436305962064914,-0.2534004415345865,0.4781613548109772,0.02353350080206496,0.00641025641025641,0.0772362021569042
2020_2021,Convex Adaptive Global RRP,2020-01-02,2021-12-31,486,0.23153445848083232,0.18746139074106621,1.086758199838362,-0.15668281754980085,1.4777271822243065,0.027160268350617415,0.0,0.0
post_2021,Convex Adaptive Global RRP,2022-01-04,2026-08-28,1128,0.05260987638598125,0.15640500619322145,0.29930679542824423,-0.2360092443187788,0.22291447327766892,0.022466784886486384,0.0,0.0
post_2022,Convex Adaptive Global RRP,2023-01-03,2026-08-28,886,0.10140102854833088,0.14783109737483507,0.6197577378235164,-0.20147698713388418,0.5032883903557112,0.020427883816665146,0.0,0.0
rolling_36m_2007-01-01_2009-12-31,Convex Adaptive Global RRP,2007-01-19,2009-12-31,660,0.0,0.0,0.0,0.0,0.0,0.0,0.0,0.0
rolling_36m_2008-01-01_2010-12-31,Convex Adaptive Global RRP,2008-01-02,2010-12-31,686,0.0,0.0,0.0,0.0,0.0,0.0,0.0,0.0
rolling_36m_2009-01-01_2011-12-31,Convex Adaptive Global RRP,2009-01-05,2011-12-30,719,0.0,0.0,0.0,0.0,0.0,0.0,0.0,0.0
rolling_36m_2010-01-01_2012-12-31,Convex Adaptive Global RRP,2010-01-04,2012-12-31,727,0.004628167055432009,0.09066724994916894,-0.18747102380238878,-0.18104447379567745,0.02556370243399558,0.015422851753335538,0.027777777777777776,0.334478021978022
rolling_36m_2011-01-01_2013-12-31,Convex Adaptive Global RRP,2011-01-04,2013-12-31,725,0.11396816720695835,0.15351045629982604,0.5844839999729307,-0.18104447379567745,0.6295037060097186,0.022007119129281834,0.027777777777777776,0.334478021978022
rolling_36m_2012-01-01_2014-12-31,Convex Adaptive Global RRP,2012-01-04,2014-12-31,726,0.21970448279383303,0.1836987778566002,1.005735726695275,-0.18104447379567745,1.2135387409934775,0.02457549037759503,0.027777777777777776,0.334478021978022
rolling_36m_2013-01-01_2015-12-31,Convex Adaptive Global RRP,2013-01-04,2015-12-31,727,0.48692622613416003,0.2237295464014832,1.7520616692763273,-0.24611126464741195,1.9784800457295135,0.030000263738140825,0.0,0.0
rolling_36m_2014-01-01_2016-12-31,Convex Adaptive Global RRP,2014-01-02,2016-12-30,733,0.3832697207577296,0.2209068130364899,1.458510770927145,-0.24611126464741184,1.5573026342650997,0.03185319526207248,0.0,0.0
rolling_36m_2015-01-01_2017-12-31,Convex Adaptive Global RRP,2015-01-05,2017-12-29,732,0.2722752854018675,0.20566599588857115,1.1475854733667477,-0.24611126464741162,1.1063097245546216,0.03105934358620607,0.0,0.0
rolling_36m_2016-01-01_2018-12-31,Convex Adaptive Global RRP,2016-01-04,2018-12-28,731,-0.010571748806573966,0.17569050345670142,-0.13275011801456052,-0.2534004415345852,-0.04171953585617998,0.0269520255997234,0.0,0.0
rolling_36m_2017-01-01_2019-12-31,Convex Adaptive Global RRP,2017-01-03,2019-12-31,731,0.047397039138390884,0.16923298550316326,0.18595565076492848,-0.25340044153458663,0.18704402743482063,0.023245751467187267,0.0,0.0
rolling_36m_2018-01-01_2020-12-31,Convex Adaptive Global RRP,2018-01-02,2020-12-31,730,0.1472932434592582,0.1988414066931588,0.6617361175471798,-0.2534004415345862,0.5812667198496353,0.02765778798093523,0.0,0.0
rolling_36m_2019-01-01_2021-12-31,Convex Adaptive Global RRP,2019-01-02,2021-12-31,730,0.2865873086705957,0.18727677778485174,1.315639714240503,-0.15668281754980107,1.8290921311745298,0.02572501984338698,0.0,0.0
rolling_36m_2020-01-01_2022-12-31,Convex Adaptive Global RRP,2020-01-02,2022-12-30,728,0.1035818505316295,0.18656592390403695,0.506907321721283,-0.22726161475564666,0.45578242785523393,0.02755511674190293,0.0,0.0
rolling_36m_2021-01-01_2023-12-31,Convex Adaptive Global RRP,2021-01-04,2023-12-29,727,-0.028423400943100252,0.1555888479979042,-0.2447944635477771,-0.24423562870193316,-0.1163769638941105,0.022817755960600417,0.0,0.0
rolling_36m_2022-01-01_2024-12-31,Convex Adaptive Global RRP,2022-01-04,2024-12-31,726,-0.06297031503464179,0.1581912935740309,-0.45126593778024476,-0.2360092443187788,-0.26681291750414443,0.022521283559831795,0.0,0.0
rolling_36m_2023-01-01_2025-12-31,Convex Adaptive Global RRP,2023-01-03,2025-12-31,727,0.06761941873614008,0.14143721463677375,0.41467961407854476,-0.20147698713388418,0.33561857211615964,0.018530612292966153,0.0,0.0
full_available_sample,Improved Convex Adaptive Global RRP,2018-01-02,2026-08-28,2101,0.058507013464599744,0.02879589303707439,1.2718963068581113,-0.03826930816462304,1.5288233906116147,0.004046600472610547,0.019510534592296482,0.23453391361486528
pre_2020,Improved Convex Adaptive Global RRP,2018-01-02,2019-12-31,487,0.05774506865329432,0.030098802623672097,0.9569674755293505,-0.03222916092887784,1.7917025137801157,0.004114736722513432,0.03122728142386356,0.3760142156065769
2020_2021,Improved Convex Adaptive Global RRP,2020-01-02,2021-12-31,486,0.06815006320467809,0.031757509624651556,1.3840879972999904,-0.038269308164622706,1.780802070199901,0.004502460992779181,0.027427275775018706,0.32980452598602744
post_2021,Improved Convex Adaptive Global RRP,2022-01-04,2026-08-28,1128,0.05408722535694244,0.02685552080235324,1.3539364339235755,-0.018045840544374414,2.997212860434119,0.003784138540582754,0.011096182586172496,0.1337426744947391
post_2022,Improved Convex Adaptive Global RRP,2023-01-03,2026-08-28,886,0.06514994607789526,0.025785174273343363,1.8435998421380997,-0.01804584054437508,3.6102472432741632,0.0035464973345389066,0.009999504760379922,0.12055666992052944
rolling_36m_2018-01-01_2020-12-31,Improved Convex Adaptive Global RRP,2018-01-02,2020-12-31,730,0.06763801483337795,0.03213198060907168,1.2535148029046772,-0.03826930816462304,1.7674219388137244,0.004463619060791816,0.03161436085977656,0.3799791873356508
rolling_36m_2019-01-01_2021-12-31,Improved Convex Adaptive Global RRP,2019-01-02,2021-12-31,730,0.07646706655665958,0.029543168165088327,1.7143729538264847,-0.03826930816462337,1.9981303614823822,0.004110028646782846,0.02601699186691601,0.3127033144955015
rolling_36m_2020-01-01_2022-12-31,Improved Convex Adaptive Global RRP,2020-01-02,2022-12-30,728,0.050488070091338155,0.03132959993395751,0.9019783624257791,-0.038269308164622706,1.3192835855342386,0.004504805936466825,0.02332396205470534,0.2805917447916931
rolling_36m_2021-01-01_2023-12-31,Improved Convex Adaptive Global RRP,2021-01-04,2023-12-29,727,0.03523878359886057,0.026244823365140838,0.522390932187323,-0.015442268834256478,2.281969312740388,0.0038090933911772828,0.01599622918727718,0.19314455241828066
rolling_36m_2022-01-01_2024-12-31,Improved Convex Adaptive Global RRP,2022-01-04,2024-12-31,726,0.04246509330472925,0.026092009406742667,0.8907652690142456,-0.015442268834256478,2.7499257887886577,0.003700261536248305,0.010992942939384655,0.13236832116297514
rolling_36m_2023-01-01_2025-12-31,Improved Convex Adaptive Global RRP,2023-01-03,2025-12-31,727,0.06324615308843429,0.024108716909772555,1.8611087803753736,-0.015418228872899009,4.102037504424621,0.003355055316788368,0.009331511648722621,0.11225987801377288
