annualized_return,annualized_volatility,sharpe_ratio,sortino_ratio,max_drawdown,calmar_ratio,total_return,model,annualized_turnover,turnover_adjusted_return,avg_turnover,turnover_adjusted_sharpe,avg_drawdown_scalar,avg_target_vol_scalar,avg_trend_scalar,avg_final_risk_scalar,avg_gross_exposure
0.0470309689332673,0.041613360071806806,0.6288437240443434,0.8861509107347131,-0.0638517493329277,0.7365650812171862,0.48789361699744527,Global RRP without overlay,2.8945374524317513,0.04616260769753778,0.011919278815028382,1.109321804773297,0.9977391718229415,0.9910925605589784,1.0,0.9891917717631605,1.0157801625978484
0.0491700780527391,0.0417576544131885,0.6765538359086816,0.9502268159231828,-0.06751592435124887,0.7282737891128285,0.4947675366232993,Defensive Dynamic RRP before overlay optimization,2.9431183548091338,0.048287142546296354,0.01251238709469548,1.1563662572734357,0.9391891891891891,0.866982528751479,1.0,0.8179192884752186,0.9603454965603937
0.046134772000630875,0.03756423099784144,0.6704729534371324,0.9308631583225375,-0.06301229205588676,0.7321551160163019,0.45893649899888,Dynamic without trend filter,2.9139206454326776,0.04526059580700107,0.01238825581693029,1.204885461640407,0.9389434889434887,0.9210919957957591,1.0,0.8685500613565539,0.9815742329036107
0.04405888483683795,0.03203410658754108,0.7181587948725249,1.007674575473894,-0.04514377408607129,0.9759681313493002,0.4348687877454356,Dynamic soft trend filter,2.962119855470558,0.043170248880196785,0.012593170163194018,1.3476339276771605,0.9449385749385746,0.9059760593014815,0.8499999999999998,0.729587151171615,0.9007301907339823
0.04552153109206758,0.045939756327001986,0.5430812225569619,0.7478059479878156,-0.08162805680736385,0.5576701549994632,0.4517898992601881,Drawdown scaling only,2.8931072789827885,0.04465359890837274,0.012299769773771606,0.9720033904952761,0.9335872235872233,1.0,1.0,0.9335872235872233,1.009728951137982
0.046561124582886304,0.03813987062317678,0.6716156333940148,0.9332624267602997,-0.06689273463816736,0.6960565274351882,0.46392337413824314,Volatility targeting only,2.913933909869294,0.04568694440992552,0.01238831220941796,1.1978788512765048,0.9499999999999997,0.9210919957957591,1.0,0.8750373960059709,0.9838238883469096
0.04759747964128147,0.04827741381962863,0.5601796344284674,0.7763905510756932,-0.09152092136827372,0.5200721204472207,0.47610784382577576,Reentry logic only,2.853423722970543,0.046741452524390305,0.012131058918733142,0.9681846815370663,0.9499999999999997,1.0,1.0,0.9499999999999997,1.020726193115785
0.04902247097601009,0.04085847796060695,0.6870865837056446,0.9670675160632188,-0.06563351890195002,0.7469121235027001,0.4930073131972277,Optimized Dynamic full overlay,2.933080484590609,0.04814254683063291,0.012469712046451066,1.178275580334852,0.9298525798525796,0.866982528751479,1.0,0.8068666423805608,0.9416665987928059
0.04902247097601009,0.04085847796060695,0.6870865837056446,0.9670675160632188,-0.06563351890195002,0.7469121235027001,0.4930073131972277,Optimized Dynamic plus turnover control,2.933080484590609,0.04814254683063291,0.012469712046451066,1.178275580334852,0.9298525798525796,0.866982528751479,1.0,0.8068666423805608,0.9416665987928059
