candidate_ts_code,candidate_name,active_ts_code,active_name,exposure_vector_correlation,daily_return_correlation,paired_return_days
511090.SH,30年国债ETF,511260.SH,10年国债ETF,0.988543386254293,0.8669958947215219,759
511090.SH,30年国债ETF,511010.SH,国债ETF,0.9832890924088471,0.7107730392072134,759
511090.SH,30年国债ETF,511880.SH,日利ETF,0.5632951735298642,0.05014584580509404,759
511090.SH,30年国债ETF,518880.SH,黄金ETF,-0.02927860422719292,0.02704937459169253,759
511090.SH,30年国债ETF,511030.SH,信用债ETF,-0.191582124833085,0.43837834549714716,759
511090.SH,30年国债ETF,159985.SZ,豆粕ETF,-0.23844851355297125,0.024095941554939347,759
511090.SH,30年国债ETF,162411.SZ,原油ETF,-0.27422704541820675,-0.027166360882244618,759
511090.SH,30年国债ETF,161226.SZ,白银LOF,-0.3132110550604873,-0.007609241428286687,755
511090.SH,30年国债ETF,513500.SH,标普500ETF,-0.3628333970725648,-0.029885064376573338,759
511090.SH,30年国债ETF,513880.SH,日经225ETF,-0.3724871345410328,-0.06860698054237203,759
511090.SH,30年国债ETF,159941.SZ,纳指ETF,-0.39171542135080056,-0.05938115986569696,759
511090.SH,30年国债ETF,159981.SZ,能源化工期货ETF,-0.424840054298433,-0.1430387170382249,759
511090.SH,30年国债ETF,513030.SH,欧洲ETF,-0.42960895126940757,-0.1347782244251414,757
511090.SH,30年国债ETF,588000.SH,科创50ETF,-0.5117106936207546,-0.22485249024242043,759
511090.SH,30年国债ETF,159819.SZ,人工智能ETF,-0.5217183397930717,-0.22006221317541547,759
511090.SH,30年国债ETF,516160.SH,新能源ETF,-0.5409427937114929,-0.24308468295426416,759
511090.SH,30年国债ETF,515220.SH,煤炭ETF,-0.5509969095804957,-0.16004297870328965,759
511090.SH,30年国债ETF,563300.SH,中证2000ETF,-0.5534587486568575,-0.2413783891923807,694
511090.SH,30年国债ETF,159980.SZ,有色金属期货ETF,-0.5575326524584644,-0.15201610809243762,759
511090.SH,30年国债ETF,159915.SZ,创业板ETF,-0.5645652586060029,-0.26924807253794913,759
511090.SH,30年国债ETF,159928.SZ,消费ETF,-0.5727467411053742,-0.2616135571804138,759
511090.SH,30年国债ETF,512660.SH,军工ETF,-0.5757731635629993,-0.19815312046664776,759
511090.SH,30年国债ETF,159920.SZ,恒生ETF,-0.5772489956730086,-0.25520814518747775,759
511090.SH,30年国债ETF,512480.SH,半导体ETF,-0.5773132993441299,-0.19098254267634346,759
511090.SH,30年国债ETF,510300.SH,沪深300ETF,-0.5838369334980155,-0.2863546446474314,759
511090.SH,30年国债ETF,511380.SH,可转债ETF,-0.5995972072925404,-0.23462348431433122,759
511090.SH,30年国债ETF,512100.SH,中证1000ETF,-0.610984844270389,-0.278047075868574,759
511090.SH,30年国债ETF,510880.SH,红利ETF,-0.6140626451439172,-0.12853161838514734,759
511090.SH,30年国债ETF,512880.SH,证券ETF,-0.6144744977358054,-0.2601311386164973,759
511090.SH,30年国债ETF,510500.SH,中证500ETF,-0.6248901523957977,-0.28701859441039274,759
513310.SH,中韩半导体ETF,159819.SZ,人工智能ETF,0.9677132233873159,0.6586790028570493,872
513310.SH,中韩半导体ETF,159915.SZ,创业板ETF,0.9622130281599743,0.6219756337307265,872
513310.SH,中韩半导体ETF,511380.SH,可转债ETF,0.9600809590511311,0.4969290032055848,872
513310.SH,中韩半导体ETF,512480.SH,半导体ETF,0.9556144748649376,0.7149979208913753,872
513310.SH,中韩半导体ETF,516160.SH,新能源ETF,0.9546858704691338,0.482718264111986,872
513310.SH,中韩半导体ETF,510500.SH,中证500ETF,0.9519274465920535,0.6348874802243274,872
513310.SH,中韩半导体ETF,588000.SH,科创50ETF,0.9510608740814088,0.6877090737096523,872
513310.SH,中韩半导体ETF,512660.SH,军工ETF,0.9239302071549654,0.5002037256235755,872
513310.SH,中韩半导体ETF,512100.SH,中证1000ETF,0.9235355104196582,0.6011371761112484,872
513310.SH,中韩半导体ETF,512880.SH,证券ETF,0.9154555337718522,0.4223798641583775,872
513310.SH,中韩半导体ETF,510300.SH,沪深300ETF,0.9081857100440083,0.6006154331693041,872
513310.SH,中韩半导体ETF,563300.SH,中证2000ETF,0.8939003883114672,0.539852648462533,694
513310.SH,中韩半导体ETF,159920.SZ,恒生ETF,0.8915879826331203,0.4071976833169823,872
513310.SH,中韩半导体ETF,159928.SZ,消费ETF,0.8619213191881238,0.1921043449787546,872
513310.SH,中韩半导体ETF,513880.SH,日经225ETF,0.832957237150968,0.5737064958923281,872
513310.SH,中韩半导体ETF,159941.SZ,纳指ETF,0.8289904710514917,0.5276462057433681,872
513310.SH,中韩半导体ETF,513030.SH,欧洲ETF,0.8094073778324645,0.38667042279518454,870
513310.SH,中韩半导体ETF,161226.SZ,白银LOF,0.7655120200444467,0.27464271873450796,868
513310.SH,中韩半导体ETF,513500.SH,标普500ETF,0.7627627989077526,0.41851997913491334,872
513310.SH,中韩半导体ETF,159980.SZ,有色金属期货ETF,0.6462744719210132,0.3928057650972358,872
513310.SH,中韩半导体ETF,518880.SH,黄金ETF,0.49861723753429854,0.266398088660431,872
513310.SH,中韩半导体ETF,510880.SH,红利ETF,0.32806660729121717,0.08951873388898209,872
513310.SH,中韩半导体ETF,162411.SZ,原油ETF,0.24445967912929403,0.008985842189204554,872
513310.SH,中韩半导体ETF,515220.SH,煤炭ETF,0.17859376619436926,0.09930116740530534,872
513310.SH,中韩半导体ETF,159981.SZ,能源化工期货ETF,0.1720473247128358,-0.048349360761059904,872
513310.SH,中韩半导体ETF,159985.SZ,豆粕ETF,0.13056008419655155,-0.0015572716916251788,872
513310.SH,中韩半导体ETF,511030.SH,信用债ETF,-0.3077767272510388,-0.10204162916174297,872
513310.SH,中韩半导体ETF,511010.SH,国债ETF,-0.3902588677683071,-0.15078192791760983,872
513310.SH,中韩半导体ETF,511260.SH,10年国债ETF,-0.4536242284149761,-0.17020484253377463,872
513310.SH,中韩半导体ETF,511880.SH,日利ETF,-0.9636426505505914,-0.17528981082597686,872
516980.SH,证券公司先锋策略ETF,512880.SH,证券ETF,0.998004214291692,0.9258833592661464,1232
516980.SH,证券公司先锋策略ETF,510300.SH,沪深300ETF,0.9879409364120391,0.6782027555240905,1232
516980.SH,证券公司先锋策略ETF,159915.SZ,创业板ETF,0.9790374616104994,0.5771827088173359,1232
516980.SH,证券公司先锋策略ETF,511380.SH,可转债ETF,0.973168831225573,0.5103487707696621,1232
516980.SH,证券公司先锋策略ETF,159928.SZ,消费ETF,0.9692344584423321,0.4652799120245439,1232
516980.SH,证券公司先锋策略ETF,510500.SH,中证500ETF,0.9557839989596977,0.6178482080532486,1232
516980.SH,证券公司先锋策略ETF,516160.SH,新能源ETF,0.9514756426946245,0.4229410369186057,1232
516980.SH,证券公司先锋策略ETF,588000.SH,科创50ETF,0.9379580356148043,0.5037441371574021,1232
516980.SH,证券公司先锋策略ETF,159819.SZ,人工智能ETF,0.931882908597023,0.48687486623456366,1232
516980.SH,证券公司先锋策略ETF,512480.SH,半导体ETF,0.9233008607554821,0.41575944553662203,1232
516980.SH,证券公司先锋策略ETF,159920.SZ,恒生ETF,0.9106809171592118,0.4783409816537389,1232
516980.SH,证券公司先锋策略ETF,512660.SH,军工ETF,0.8996915239762837,0.4149452990221602,1232
516980.SH,证券公司先锋策略ETF,512100.SH,中证1000ETF,0.8955012284346135,0.5642916083037716,1230
516980.SH,证券公司先锋策略ETF,563300.SH,中证2000ETF,0.8226966077389759,0.5654333719675527,694
516980.SH,证券公司先锋策略ETF,161226.SZ,白银LOF,0.7207821317029997,0.10972163900389159,1228
516980.SH,证券公司先锋策略ETF,159941.SZ,纳指ETF,0.6870854553350287,0.1743800427572655,1232
516980.SH,证券公司先锋策略ETF,513880.SH,日经225ETF,0.6807954911622001,0.19916462771742302,1232
516980.SH,证券公司先锋策略ETF,513030.SH,欧洲ETF,0.679542769472358,0.17399207435092356,1230
516980.SH,证券公司先锋策略ETF,159980.SZ,有色金属期货ETF,0.6664475089091179,0.2562379951022997,1232
516980.SH,证券公司先锋策略ETF,513500.SH,标普500ETF,0.6076975469121266,0.1444751622286964,1230
516980.SH,证券公司先锋策略ETF,510880.SH,红利ETF,0.559054864684818,0.39585496192445735,1232
516980.SH,证券公司先锋策略ETF,518880.SH,黄金ETF,0.4335194458224042,0.03048799873539345,1232
516980.SH,证券公司先锋策略ETF,515220.SH,煤炭ETF,0.3843913692626792,0.2630740863187883,1232
516980.SH,证券公司先锋策略ETF,159981.SZ,能源化工期货ETF,0.2731492713984212,0.09854916398809915,1232
516980.SH,证券公司先锋策略ETF,162411.SZ,原油ETF,0.2722544289011263,0.07498780825715265,1232
516980.SH,证券公司先锋策略ETF,159985.SZ,豆粕ETF,0.20003309131119004,0.03411253277844631,1232
516980.SH,证券公司先锋策略ETF,511030.SH,信用债ETF,-0.2501652598239365,-0.026434853042670223,1232
516980.SH,证券公司先锋策略ETF,511010.SH,国债ETF,-0.5048319757561729,-0.15326883273837574,1232
516980.SH,证券公司先锋策略ETF,511260.SH,10年国债ETF,-0.5527979321124771,-0.1830127653868208,1232
516980.SH,证券公司先锋策略ETF,511880.SH,日利ETF,-0.967454408852394,-0.16544115079217528,1232
520830.SH,沙特ETF,513500.SH,标普500ETF,0.9512631356345412,0.44770039087917574,493
520830.SH,沙特ETF,513030.SH,欧洲ETF,0.9462897905253292,0.5102443897825291,493
520830.SH,沙特ETF,159941.SZ,纳指ETF,0.9271143639545102,0.38428125139415176,493
520830.SH,沙特ETF,513880.SH,日经225ETF,0.9244954820736744,0.3427751650920032,493
520830.SH,沙特ETF,159920.SZ,恒生ETF,0.843780238488126,0.20295065491602107,493
520830.SH,沙特ETF,159980.SZ,有色金属期货ETF,0.8209830723174247,0.2747922607151819,493
520830.SH,沙特ETF,161226.SZ,白银LOF,0.7798746733907443,0.10189243285190233,489
520830.SH,沙特ETF,510300.SH,沪深300ETF,0.6566480345017821,0.15471973348099846,493
520830.SH,沙特ETF,159928.SZ,消费ETF,0.6390866709076921,0.07264610740411104,493
520830.SH,沙特ETF,511380.SH,可转债ETF,0.6300145751806595,0.1803431109274067,493
520830.SH,沙特ETF,512880.SH,证券ETF,0.6275287841001529,0.13067212430675418,493
520830.SH,沙特ETF,510500.SH,中证500ETF,0.6182951600415705,0.1681448182834288,493
520830.SH,沙特ETF,162411.SZ,原油ETF,0.5965843890444801,0.17420544943501762,493
520830.SH,沙特ETF,159915.SZ,创业板ETF,0.5954587624204806,0.116354914180474,493
520830.SH,沙特ETF,518880.SH,黄金ETF,0.5684993794327945,0.16265903470794105,493
520830.SH,沙特ETF,512480.SH,半导体ETF,0.5649361767076257,0.09949076914857351,493
520830.SH,沙特ETF,159819.SZ,人工智能ETF,0.5644849576811993,0.10316529364218928,493
520830.SH,沙特ETF,512100.SH,中证1000ETF,0.5559856356078917,0.15271955322586228,493
520830.SH,沙特ETF,516160.SH,新能源ETF,0.5461401235789265,0.13997260618814403,493
520830.SH,沙特ETF,510880.SH,红利ETF,0.5455731105310269,0.14921267042729142,493
520830.SH,沙特ETF,512660.SH,军工ETF,0.5178564013366173,0.07508618675122528,493
520830.SH,沙特ETF,588000.SH,科创50ETF,0.5152504203491336,0.064154196582814,493
520830.SH,沙特ETF,515220.SH,煤炭ETF,0.4967947676010677,0.13044503281990333,493
520830.SH,沙特ETF,159981.SZ,能源化工期货ETF,0.4920474695158619,0.11920283053688795,493
520830.SH,沙特ETF,563300.SH,中证2000ETF,0.4860398381555295,0.1114553804357251,493
520830.SH,沙特ETF,159985.SZ,豆粕ETF,0.43111076180607155,0.03123338490531535,493
520830.SH,沙特ETF,511030.SH,信用债ETF,-0.26877134995840046,-0.06515976068278402,493
520830.SH,沙特ETF,511010.SH,国债ETF,-0.5439893588246386,-0.12981540762549104,493
520830.SH,沙特ETF,511260.SH,10年国债ETF,-0.6122424263542924,-0.13805063863615805,493
520830.SH,沙特ETF,511880.SH,日利ETF,-0.6739596939007202,-0.08320664170174286,493
520870.SH,巴西ETF,159920.SZ,恒生ETF,0.9785055186956656,0.5079227319315397,173
520870.SH,巴西ETF,513030.SH,欧洲ETF,0.9409074110824593,0.5526702754358009,173
520870.SH,巴西ETF,159941.SZ,纳指ETF,0.9394313522070238,0.40535778635932007,173
520870.SH,巴西ETF,513880.SH,日经225ETF,0.9349505223440856,0.4502682209414003,173
520870.SH,巴西ETF,513500.SH,标普500ETF,0.904698693847794,0.46436002961138917,173
520870.SH,巴西ETF,510300.SH,沪深300ETF,0.9036116767973841,0.4227467680220929,173
520870.SH,巴西ETF,159928.SZ,消费ETF,0.8857175735791502,0.3380237280262766,173
520870.SH,巴西ETF,512880.SH,证券ETF,0.8839179173974558,0.3370802108152242,173
520870.SH,巴西ETF,511380.SH,可转债ETF,0.8655702217577661,0.41441235400548937,173
520870.SH,巴西ETF,159915.SZ,创业板ETF,0.864542727418164,0.2718545437294572,173
520870.SH,巴西ETF,510500.SH,中证500ETF,0.8445493101560788,0.3725421253137696,173
520870.SH,巴西ETF,161226.SZ,白银LOF,0.8274276104682217,0.2980698670031747,169
520870.SH,巴西ETF,159819.SZ,人工智能ETF,0.8214906272506791,0.22556643044374408,173
520870.SH,巴西ETF,516160.SH,新能源ETF,0.8141468386932776,0.26043209090281993,173
520870.SH,巴西ETF,512480.SH,半导体ETF,0.8099634928696742,0.1805756035871003,173
520870.SH,巴西ETF,588000.SH,科创50ETF,0.7949242844009119,0.20943946696715326,173
520870.SH,巴西ETF,159980.SZ,有色金属期货ETF,0.7875451674557736,0.5133811289545556,173
520870.SH,巴西ETF,512100.SH,中证1000ETF,0.771490658318833,0.36103270103399315,173
520870.SH,巴西ETF,512660.SH,军工ETF,0.7568432818097304,0.21081027789236412,173
520870.SH,巴西ETF,563300.SH,中证2000ETF,0.6999388180076407,0.2892221755794935,173
520870.SH,巴西ETF,518880.SH,黄金ETF,0.5515553138841086,0.5811398350828254,173
520870.SH,巴西ETF,510880.SH,红利ETF,0.5342563406621107,0.2868563926352836,173
520870.SH,巴西ETF,162411.SZ,原油ETF,0.439174704521122,0.05233877067255254,173
520870.SH,巴西ETF,515220.SH,煤炭ETF,0.39355453244480904,0.18559704017474818,173
520870.SH,巴西ETF,159981.SZ,能源化工期货ETF,0.3513996701185288,-0.17490457103278528,173
520870.SH,巴西ETF,159985.SZ,豆粕ETF,0.29920797354566575,0.002541011273691178,173
520870.SH,巴西ETF,511030.SH,信用债ETF,-0.23903354819951367,-0.007366492586647771,173
520870.SH,巴西ETF,511010.SH,国债ETF,-0.5249909029928016,-0.14916903671382947,173
520870.SH,巴西ETF,511260.SH,10年国债ETF,-0.57762400718371,-0.07845530330462482,173
520870.SH,巴西ETF,511880.SH,日利ETF,-0.9231318484497935,-0.22465595989867174,173
562500.SH,机器人ETF,512660.SH,军工ETF,0.993947256974095,0.7240761975157629,1110
562500.SH,机器人ETF,512480.SH,半导体ETF,0.9924673242147681,0.6900546362051388,1110
562500.SH,机器人ETF,563300.SH,中证2000ETF,0.9907178518073883,0.8363969095843279,694
562500.SH,机器人ETF,159819.SZ,人工智能ETF,0.9888382017726111,0.7754782654730544,1110
562500.SH,机器人ETF,512100.SH,中证1000ETF,0.9883264990790243,0.8539275462715202,1108
562500.SH,机器人ETF,588000.SH,科创50ETF,0.9840229921934202,0.7428092700991433,1110
562500.SH,机器人ETF,516160.SH,新能源ETF,0.9802193253889105,0.6621987830353729,1110
562500.SH,机器人ETF,510500.SH,中证500ETF,0.9684668509303677,0.8035738730989651,1110
562500.SH,机器人ETF,511380.SH,可转债ETF,0.9554485082467268,0.6553065083536966,1110
562500.SH,机器人ETF,159915.SZ,创业板ETF,0.9463468412849679,0.7545798308237103,1110
562500.SH,机器人ETF,512880.SH,证券ETF,0.8603044426355666,0.5535662367703573,1110
562500.SH,机器人ETF,510300.SH,沪深300ETF,0.8200043866647362,0.6740149751145346,1110
562500.SH,机器人ETF,159928.SZ,消费ETF,0.7539146180743184,0.36432579809090604,1110
562500.SH,机器人ETF,159920.SZ,恒生ETF,0.7162262328739185,0.45018902283134465,1110
562500.SH,机器人ETF,513880.SH,日经225ETF,0.6041493043592745,0.27953109317885366,1110
562500.SH,机器人ETF,161226.SZ,白银LOF,0.6037578252683872,0.14062223949116767,1106
562500.SH,机器人ETF,159941.SZ,纳指ETF,0.5965162828641629,0.25325956643544695,1110
562500.SH,机器人ETF,513030.SH,欧洲ETF,0.5708444151544634,0.2586989189721876,1108
562500.SH,机器人ETF,513500.SH,标普500ETF,0.5135746281453314,0.20696118338635733,1108
562500.SH,机器人ETF,159980.SZ,有色金属期货ETF,0.4961212226429316,0.2532039500916648,1110
562500.SH,机器人ETF,518880.SH,黄金ETF,0.35482598393696146,0.09491128588076415,1110
562500.SH,机器人ETF,510880.SH,红利ETF,0.20926893709452662,0.16247523002658434,1110
562500.SH,机器人ETF,162411.SZ,原油ETF,0.08654498900269939,0.031118574500624132,1110
562500.SH,机器人ETF,159981.SZ,能源化工期货ETF,0.08435116241825495,0.05342698540574798,1110
562500.SH,机器人ETF,515220.SH,煤炭ETF,0.08352704031459644,0.1474695542531439,1110
562500.SH,机器人ETF,159985.SZ,豆粕ETF,0.01891068787323466,-0.023254334958659417,1110
562500.SH,机器人ETF,511030.SH,信用债ETF,-0.2959599473821946,-0.04000926036502223,1110
562500.SH,机器人ETF,511010.SH,国债ETF,-0.3819143534351606,-0.14073524027759848,1110
562500.SH,机器人ETF,511260.SH,10年国债ETF,-0.448709596456627,-0.18931524261833632,1110
562500.SH,机器人ETF,511880.SH,日利ETF,-0.8838436797725874,-0.17685222815176932,1110
