year,model,gross_annual_return,net_annual_return,transaction_cost_drag,annualized_volatility,sharpe_ratio,turnover_adjusted_sharpe,sortino_ratio,max_drawdown,calmar_ratio,total_return,avg_monthly_turnover,annualized_turnover,cvar_95_daily_loss,variant,status,target_met,observations,sample_start,sample_end,scenario_cvar_95_daily_loss,mean_hhi,max_single_asset_weight,total_transaction_cost,rebalance_count,mean_cash_weight,max_cash_weight,mean_bond_weight,max_bond_weight,mean_defensive_weight,max_defensive_weight,mean_commodity_gold_weight,max_commodity_gold_weight,mean_equity_weight,max_equity_weight
2018,monthly_control,-0.03985687905041568,-0.03995290642777227,9.602737735658895e-05,0.06136503751849641,-1.1307363849412075,-0.6510695347612201,-1.3996979823646982,-0.0722499006960381,-0.5529821638905469,-0.03995290642777227,0.027748728119420713,0.3378407648539472,0.0101048558408669,monthly_control,passed,False,243,2018-01-02,2018-12-28,0.010407788673155692,0.14717459381079873,0.3169588857733518,9.989542122991482e-05,12,0.30032965102959225,0.3169588857733518,0.2421250560106804,0.2821481519462536,0.031842357510077676,0.0471903729629868,0.13509378445271117,0.14135340938781488,0.2906091509969377,0.38613170804499347
2019,monthly_control,0.13022138148632756,0.13017281488180266,4.8566604524902246e-05,0.05193165528849625,1.9013456552500618,2.5066178645501056,2.970191597867827,-0.034665351906283504,3.7551274608063996,0.1307420934935153,0.0119829930578921,0.14468721369901125,0.0065049129908749245,monthly_control,passed,True,244,2019-01-02,2019-12-31,0.006654792877271578,0.13429494231525085,0.3059295098931437,4.3138775008411714e-05,12,0.298590094048203,0.3059295098931437,0.2306127281138367,0.26684579279321713,0.02959688365812893,0.0324461588237947,0.12750764852000235,0.1366532037284615,0.31369264565982813,0.33571462402636254
2020,monthly_control,0.11002179525543632,0.10995094588539622,7.084937004009362e-05,0.09032396494356908,0.9666524431591633,1.2172953872661516,1.3239368217091894,-0.08913472208715623,1.2335366433059143,0.10995094588539622,0.017716477448800172,0.21332780400574491,0.014334724625126482,monthly_control,passed,False,243,2020-01-02,2020-12-31,0.014636647843088825,0.12212645124072545,0.3264660646729366,6.377931881568075e-05,12,0.2985771691265987,0.3264660646729366,0.2082053339646981,0.2501628908044609,0.0272359423275114,0.0299372163204391,0.11363747360061993,0.1316715555661222,0.3523440809805708,0.3814882952935805
2021,monthly_control,0.04398432409062547,0.0439654221832515,1.890190737396935e-05,0.05879260113302931,0.3609868648947627,0.7478053587690646,0.49863394879083495,-0.03815854045706535,1.1521777734848075,0.0439654221832515,0.005016905026994883,0.060911619759885245,0.008690778144694324,monthly_control,passed,False,243,2021-01-04,2021-12-31,0.008878081466849989,0.11805652918875247,0.3094977569973396,1.8060858097181744e-05,12,0.2992944367171477,0.3094977569973396,0.18745801494847453,0.1929928806654606,0.027977934834725462,0.0332025301885089,0.11920294646346055,0.1252747189721087,0.3660666670361905,0.38608574074670904
2022,monthly_control,-0.039524266904601646,-0.03956730423224797,4.303732764632251e-05,0.07240807994466486,-0.7919212844931537,-0.5464487424951163,-1.052413062177534,-0.06372323678674163,-0.6209242691902996,-0.039407727252582125,0.012436633654632637,0.15141601474515237,0.010341490186735008,monthly_control,passed,False,242,2022-01-04,2022-12-30,0.010533102499025717,0.11960911552971304,0.3131105666221747,4.477188115667762e-05,12,0.3003143890871862,0.3131105666221747,0.21849667425497818,0.23166228674046602,0.030025148465009262,0.0318933850960285,0.13416219346540542,0.14556728141566688,0.3170015947274195,0.36682898531907543
2023,monthly_control,0.03852011484966744,0.038492536759889395,2.7578089778046433e-05,0.04184256994568858,0.4299665045538175,0.9199372029455287,0.6109146478393934,-0.034653092765398186,1.1107965750844893,0.03833113346971806,0.0073567237208991,0.08956811130194654,0.005446911675076486,monthly_control,passed,False,242,2023-01-03,2023-12-29,0.005514722124626559,0.11845705746108032,0.3050441237464167,2.648420539523689e-05,12,0.29963841305489064,0.3050441237464167,0.2152047405888112,0.2256554475545176,0.03125127186865067,0.0342292464718011,0.14192247826216997,0.1524712619536818,0.3119830962254762,0.3281537988132603
2024,monthly_control,0.08588827223982665,0.0857997290120287,8.854322779794366e-05,0.05959418248969915,1.1484986796388692,1.439733299921669,1.7567669618317072,-0.04009309220279089,2.1400127627485954,0.08543197422030913,0.0226040176433399,0.272179695963623,0.0077460465048351,monthly_control,passed,True,242,2024-01-02,2024-12-31,0.007947850671807444,0.1253565780098619,0.3070474782538466,8.137446351602376e-05,12,0.2989587293153103,0.3070474782538466,0.2760439296126621,0.3066006832955711,0.02748442267600541,0.0345431020047792,0.1267518590561254,0.1545336397443109,0.27076105933989536,0.2972062038704158
2025,monthly_control,0.13296581761049175,0.13293334045957073,3.247715092102865e-05,0.05974533792699214,1.8982139271891065,2.224999390279007,2.545835248438202,-0.042084051337882955,3.1587581573903183,0.13293334045957073,0.007952468117551808,0.09602112330366275,0.008388235709383891,monthly_control,passed,True,243,2025-01-02,2025-12-31,0.008624109559895805,0.12430670510784847,0.3113811220459627,2.862888522318668e-05,12,0.29908415310694964,0.3113811220459627,0.2756103692076791,0.2985573562568016,0.022609328366175706,0.0240482021170539,0.11704712032573801,0.1582909370291872,0.2856490289934561,0.30986748518293045
2026,monthly_control,0.05913113309450879,0.05906363763371503,6.7495460793765e-05,0.09214118457040435,0.5413897847760424,0.6410123541290591,0.7449169698210869,-0.07428632125091206,0.7950809333284877,0.03850737460751308,0.01744450212928754,0.21417157656209324,0.013887045828792823,monthly_control,passed,False,160,2026-01-05,2026-08-31,0.013887045828792821,0.11932169419663778,0.3152524939724861,4.1866805110290246e-05,8,0.2995904473977081,0.3152524939724861,0.2395820251788492,0.24872897285411633,0.021414487945256282,0.0229882455250211,0.13341851167042357,0.178721065182788,0.3059945278077614,0.3306177891149914
2018,weekly_baseline,-0.04514659900093776,-0.04526711798838312,0.0001205189874453616,0.060933279137063076,-1.2306313042275037,-0.7428964701958587,-1.5102611888187585,-0.07652829134092165,-0.5915082800780843,-0.04526711798838312,0.035016657388902646,0.4263278037098897,0.010132967252221807,weekly_baseline,passed,False,243,2018-01-02,2018-12-28,0.010438172713917131,0.14713503507456405,0.3093081043079281,0.00012605996660005014,51,0.3001155663879751,0.3093081043079281,0.24861142213244178,0.2841304672508483,0.029535850613040898,0.0424971955750231,0.1339826965503255,0.141138936586266,0.2877544643162159,0.3888242644489652
2019,weekly_baseline,0.12973234599438066,0.12965716212308087,7.518387129978876e-05,0.05151303082131434,1.9074795756354594,2.516977938510913,2.964912798365903,-0.03411533247090748,3.800553965981383,0.13022405838538864,0.018573296150592996,0.22426103864476335,0.006510737553672601,weekly_baseline,passed,True,244,2019-01-02,2019-12-31,0.006649255797937162,0.13412297146643037,0.3045933078190762,6.686386614213547e-05,51,0.29965318176448164,0.3045933078190762,0.23399252155224043,0.2726014683925007,0.027853505929924697,0.0305518362075733,0.13239677964921506,0.1418659122421859,0.3061040111041373,0.3306741012579376
2020,weekly_baseline,0.11448324262645304,0.11437586978947079,0.00010737283698225575,0.08950214354793781,1.0193559050160421,1.2779120728903044,1.40452001597123,-0.08760623354823716,1.3055677108466706,0.11437586978947079,0.026744632622752174,0.32203770545473287,0.013993775243587777,weekly_baseline,passed,True,243,2020-01-02,2020-12-31,0.014286787668529552,0.12140113325463484,0.3124930449441584,9.628067744190858e-05,52,0.29979307713005066,0.3124930449441584,0.21098588797230267,0.2596257026345883,0.02555827678177541,0.0281503587650499,0.11821590966932387,0.1305743330916079,0.34544684844654633,0.3750571187371514
2021,weekly_baseline,0.046095498162340265,0.04603327794396028,6.222021837998248e-05,0.058041868404426926,0.3991411325154861,0.7931046882089906,0.5527345610779663,-0.03563116092720453,1.2919387621977172,0.04603327794396028,0.016525469544926757,0.20064025766042654,0.0084689086411703,weekly_baseline,passed,False,243,2021-01-04,2021-12-31,0.00863041977627541,0.11582889522567436,0.3052241920301827,5.9491690361737114e-05,52,0.2999701441221237,0.3052241920301827,0.1944124399513049,0.20378493640506298,0.026168353944630473,0.0309395832222018,0.13238465188962728,0.14140587404594152,0.3470644100923123,0.37021983188654545
2022,weekly_baseline,-0.032980595510243016,-0.033046905247367864,6.630973712484778e-05,0.06983572055654672,-0.7264244251953461,-0.4732091970127155,-0.9665947239637239,-0.06091248981396469,-0.5425308561232313,-0.03291317279140016,0.018959697327328467,0.2308343149602241,0.010059795681789923,weekly_baseline,passed,False,242,2022-01-04,2022-12-30,0.01026090142149996,0.11878893817247989,0.3078935465316513,6.825491037838332e-05,50,0.3002261211824467,0.3078935465316513,0.2319412001985604,0.2464959845235851,0.0279002818421806,0.0296149303682041,0.14602323785494728,0.1623963928979161,0.29390915892186376,0.3411480296049613
2023,weekly_baseline,0.03401782418700172,0.033961966881635997,5.5857305365725196e-05,0.04173115357529995,0.32578193372859793,0.8138276556471131,0.4622769553648211,-0.03470827778146823,0.9784976107275851,0.03381986860397146,0.014952666015689517,0.1820487087410199,0.005402686462246924,weekly_baseline,passed,False,242,2023-01-03,2023-12-29,0.005471368242358222,0.11727743072504948,0.3034744725443271,5.382959765648301e-05,50,0.2999488137621698,0.3034744725443271,0.22539199343184826,0.23995363831367,0.029055629601500158,0.0318287336978857,0.149031335080742,0.1570841994715608,0.2965722281237384,0.30963281421183836
2024,weekly_baseline,0.0836379393160962,0.08351383493726416,0.00012410437883203507,0.060558363608017855,1.096187432340071,1.3790636001631826,1.7160733218845887,-0.039776527470019696,2.0995758113930405,0.08315624828659662,0.03173621447478794,0.3821423847335042,0.007678757948266746,weekly_baseline,passed,True,242,2024-01-02,2024-12-31,0.007860603467208562,0.12606034613312117,0.3055386640483615,0.00011425037210923738,51,0.29994213782558704,0.3055386640483615,0.2909201570137569,0.323741437509275,0.022429332090974703,0.031882622103234,0.12775475415204163,0.1517840070640904,0.2589536189176383,0.2866437680603487
2025,weekly_baseline,0.1301726742038931,0.13010686314311148,6.581106078162868e-05,0.059936257727577553,1.8504948209714902,2.170753865456091,2.471469409719333,-0.043694937448015114,2.9776187069246327,0.13010686314311148,0.016165972136176945,0.1951940933136737,0.008567172091620208,weekly_baseline,passed,True,243,2025-01-02,2025-12-31,0.0088043399123767,0.1234072339569416,0.3106976312869746,5.819749969023781e-05,53,0.29988817801983597,0.3106976312869746,0.28188105095913013,0.30464747601907816,0.01883327153906604,0.0200118101466767,0.11495709955182111,0.1370995975184843,0.2844403999301453,0.31227858791651764
2026,weekly_baseline,0.060695178441920294,0.06059710980183319,9.806864008710114e-05,0.08933715435201217,0.5718634163312578,0.6782968434730353,0.7707496479279238,-0.05709671974442443,1.06130632500566,0.039497225541620606,0.02535230569034752,0.31125813961006493,0.013814794866684962,weekly_baseline,passed,False,160,2026-01-05,2026-08-31,0.01381479486668496,0.11711211704951907,0.3086109703618429,6.084553365683443e-05,34,0.29995874220957186,0.3086109703618429,0.24052640491932814,0.2599201079394733,0.01792901118227829,0.0192130183902837,0.1262179311363047,0.1408116950144624,0.3153679105525156,0.3464925546402212
2018,no_cash_cap,-0.028582723726165882,-0.028700834024460664,0.00011811029829478237,0.04902331217592145,-1.1906585877014133,-0.585452772376272,-1.4578494939134337,-0.05608418190988107,-0.5117456125254467,-0.028700834024460664,0.03373778942831721,0.41075758628976206,0.008149005297554454,no_cash_cap,passed,False,243,2018-01-02,2018-12-28,0.008398199734323493,0.20729736242335187,0.410380257860084,0.0001214560419419426,51,0.39950221353261434,0.410380257860084,0.23374070841716596,0.2666489507560995,0.02306177578203075,0.0350329216627562,0.1131386171651259,0.12190216849212701,0.23055668510306215,0.33170436951041055
2019,no_cash_cap,0.10616949972790701,0.10609783684783203,7.166288007498522e-05,0.03900363212933455,1.9619669669656106,2.7202040183338734,3.0364068759884755,-0.024427265267339404,4.343418540170793,0.1065569324720319,0.01807918198293319,0.21829491633938342,0.004948608560571753,no_cash_cap,passed,True,244,2019-01-02,2019-12-31,0.005041098514721101,0.1973374322365595,0.4044988651339754,6.508505513856023e-05,51,0.39964662431248144,0.4044988651339754,0.22551494439288539,0.2615483687147133,0.021601653386768147,0.0238331833609634,0.11770432580070174,0.12721878960643648,0.23553245210716237,0.2560772544676125
2020,no_cash_cap,0.09521279383909209,0.09510384031978636,0.00010895351930573227,0.07045332931552925,1.0246298277423065,1.3498842601725518,1.41404282907529,-0.06986191947146925,1.3613115848989177,0.09510384031978636,0.02762566037596317,0.33264634458199605,0.010927320262979882,no_cash_cap,passed,True,243,2020-01-02,2020-12-31,0.01113540737320501,0.18521613209275725,0.4133855496821755,9.945237735346825e-05,52,0.3997627465268704,0.4133855496821755,0.20246836028309312,0.2487691926579422,0.020087931978619723,0.022019132613582,0.10564537275334222,0.1182749585036006,0.27203558845807346,0.2989585997234206
2021,no_cash_cap,0.041974095201459116,0.0419080001331289,6.609506833021861e-05,0.046798956667970404,0.397675945539264,0.8954900518500465,0.5482386223719862,-0.027910448772826446,1.5015165278865181,0.0419080001331289,0.017624540918458383,0.21398438461385896,0.006875064767128263,no_cash_cap,passed,False,243,2021-01-04,2021-12-31,0.0070111277191198884,0.1801726738049839,0.4054475383769241,6.34483473064509e-05,52,0.3999681499180954,0.4054475383769241,0.18710370359268116,0.197086571292835,0.020848267615546416,0.0247298825296997,0.11904466359736561,0.1273917420921688,0.2730352152763101,0.296584311799192
2022,no_cash_cap,-0.019905605770050294,-0.01997468486644771,6.90790963974175e-05,0.056165120421207734,-0.6784808868062997,-0.3556421621933414,-0.9058304726703156,-0.04409257593004634,-0.45301696362983884,-0.019893307623226386,0.019492935128978425,0.23732648519531235,0.008048834340129684,no_cash_cap,passed,False,242,2022-01-04,2022-12-30,0.008202745991233202,0.18333571820181077,0.4083016494192263,7.017456646432304e-05,50,0.4002295062803672,0.4083016494192263,0.22020258087702804,0.2334335866598735,0.021790147665580226,0.0231084231962383,0.12940187723507715,0.1413551083606976,0.22837588794194605,0.2660126177605146
2023,no_cash_cap,0.032036764528049266,0.031976909117344965,5.985541070430145e-05,0.03407803540937877,0.3338337920026326,0.938343678947656,0.472859945281495,-0.027389871727570125,1.1674720289090517,0.03184324367389957,0.01605304784702828,0.19544585753756935,0.0044223761085070085,no_cash_cap,passed,False,242,2023-01-03,2023-12-29,0.004478002267533403,0.18151873746964797,0.4038641431360409,5.779097224930254e-05,50,0.3999407463313611,0.4038641431360409,0.21104518290936788,0.2243935863622367,0.02271140739419696,0.0248748713738314,0.130845196660461,0.1362852958751242,0.23545746670461168,0.24602164181345107
2024,no_cash_cap,0.0709861841432542,0.07086049900334879,0.00012568513990540708,0.04733126272491285,1.1382558419572606,1.497118287656655,1.782068020045881,-0.030254354118938176,2.3421587096117373,0.07055883854128386,0.032508621614782636,0.39144310037800084,0.005999736236259615,no_cash_cap,passed,True,242,2024-01-02,2024-12-31,0.006135457892097572,0.19028827675798746,0.4056972303591527,0.0001170310378132182,51,0.3999304151520493,0.4056972303591527,0.2766012724795705,0.30889067202449527,0.016576768787660807,0.0248700337558187,0.10620187509354287,0.1307681787982633,0.20068966848717504,0.22544941806884833
2025,no_cash_cap,0.10529836032922635,0.10522955634693854,6.880398228781281e-05,0.047802163123682025,1.8386967375681138,2.2013555343650544,2.4593485144708342,-0.03448542818561129,3.0514209010414595,0.10522955634693854,0.01728412941675564,0.20869514940396686,0.006887197921746923,no_cash_cap,passed,True,243,2025-01-02,2025-12-31,0.007083135902453992,0.18799165984951413,0.411143152072645,6.222286590032109e-05,53,0.3998826598819924,0.411143152072645,0.2685465834737642,0.289654159765993,0.013477154850553553,0.0142092278395138,0.0943286538183911,0.1108262631257061,0.2237649479752974,0.24881209848228952
2026,no_cash_cap,0.05823202723441634,0.05812466583345355,0.00010736140096279101,0.07289724899412928,0.6503738317328639,0.797350608362938,0.8774599794747757,-0.042957053271482915,1.3530878262555237,0.03790102993416977,0.027824001957863304,0.34160392319696037,0.011318817010246212,no_cash_cap,passed,False,160,2026-01-05,2026-08-31,0.011318817010246209,0.1818343737650614,0.4090428215085618,6.677760469887237e-05,34,0.39993315559190235,0.4090428215085618,0.22452166202041485,0.24834744540432707,0.013222856704672704,0.0146264424651457,0.10519338527724527,0.11446081210740039,0.25712894040576345,0.28463892066864077
2018,no_asset_cap,-0.04506754656597767,-0.045187565149212405,0.0001200185832347378,0.06082311808922528,-1.2315952190138388,-0.7429340449617184,-1.5114003471407575,-0.07641787815799528,-0.5913219031780278,-0.045187565149212405,0.03486794091039214,0.42451718058402427,0.01011253923519333,no_asset_cap,passed,False,243,2018-01-02,2018-12-28,0.010417180512759918,0.1471243040860317,0.3093002639795498,0.00012552458727741248,51,0.3001152642695992,0.3093002639795498,0.24842736369841156,0.2839812567716109,0.029420543870712062,0.0423527267239878,0.13474927790866548,0.1418286889287143,0.2872875502526108,0.3882582549070861
2019,no_asset_cap,0.12969230435073897,0.12961690826808558,7.539608265338948e-05,0.05152853588235651,1.9062263671366426,2.515439378367176,2.962389367770868,-0.034119957404833534,3.7988590293410995,0.13018361859589755,0.01862624847787083,0.22490040517495277,0.006512793640979616,no_asset_cap,passed,True,244,2019-01-02,2019-12-31,0.0066510577347132,0.13416642776426574,0.3045954405882827,6.705449452033566e-05,51,0.2996535418568214,0.3045954405882827,0.23425149770328577,0.2728758931029456,0.027736699695362122,0.0304234585453613,0.13256894191012675,0.14211127015755248,0.305789318834403,0.33044508674016476
2020,no_asset_cap,0.11455788712626558,0.11445045651771091,0.00010743060855467057,0.08953378656705971,1.0197781043682133,1.278293490156243,1.405293570728453,-0.08755243490956055,1.3072218566615004,0.11445045651771091,0.026757596092099083,0.32219380129579744,0.013995089193875447,no_asset_cap,passed,True,243,2020-01-02,2020-12-31,0.014288227447656088,0.12138163436080479,0.3124906147070385,9.632734593155746e-05,52,0.2997925893357036,0.3124906147070385,0.21107952583708176,0.2597514621432591,0.025449448297049017,0.0280323377855271,0.118233671647042,0.1305794812980256,0.34544476488312253,0.3750447259142815
2021,no_asset_cap,0.046121697210963486,0.04605944420215735,6.22530088061346e-05,0.0580840607803116,0.3993256431426185,0.7929790648826303,0.5530706633658455,-0.03565718531209139,1.2917296696029046,0.04605944420215735,0.01653374360878931,0.20074071533884638,0.008468778328897732,no_asset_cap,passed,False,243,2021-01-04,2021-12-31,0.008630934441703576,0.11579677999976223,0.3052242618933035,5.952147699164228e-05,52,0.2999699632054008,0.3052242618933035,0.19440890210867054,0.203744900423567,0.026058221237670123,0.0308063774006894,0.13238777722598558,0.14142819613253732,0.34717513622227175,0.37034296688911217
2022,no_asset_cap,-0.03313232540035438,-0.03319861879324426,6.629339288988234e-05,0.06985974701180671,-0.7284056944677365,-0.4752181365276559,-0.969188292483044,-0.06110442802602922,-0.5433095418077122,-0.03306428294656527,0.018958069354827283,0.2308144943950222,0.01006417298804573,no_asset_cap,passed,False,242,2022-01-04,2022-12-30,0.010266499107109745,0.11875663859627968,0.307908193414144,6.824904967737889e-05,50,0.30022678505932315,0.307908193414144,0.2318630303532909,0.24639156192288708,0.027783023353481314,0.0294867694370233,0.14607855615977983,0.16237037508665642,0.2940486050741234,0.34130166353142005
2023,no_asset_cap,0.033929970189708,0.033874075671107784,5.58945186002191e-05,0.04177185756597124,0.3234612287374996,0.8109305557601716,0.4589374375311306,-0.03474956023640907,0.9748058807263986,0.033732351099616364,0.014963926297617188,0.18218580267348927,0.005406570077162231,no_asset_cap,passed,False,242,2023-01-03,2023-12-29,0.005475790851001314,0.11724163235563063,0.3034882163628431,5.387013467142261e-05,50,0.2999490467934152,0.3034882163628431,0.22526112618378938,0.23980941383244558,0.028944501842409126,0.0316927029725881,0.1490596953108191,0.1570416036466961,0.2967856298695658,0.3098255506105533
2024,no_asset_cap,0.08370894431409148,0.08358476500015977,0.000124179313931716,0.060662007510099425,1.0955008630094312,1.3778766715929076,1.7162121495081966,-0.03980565901313471,2.0998211579056942,0.08322686313435601,0.031753377607093354,0.38234904959310484,0.007683576389789869,no_asset_cap,passed,True,242,2024-01-02,2024-12-31,0.00786534098435342,0.12602735335222115,0.3055389270997267,0.00011431215938553683,51,0.2999423800121914,0.3055389270997267,0.2908201430266869,0.3236800343994323,0.022364052515483335,0.0317839470558073,0.12767780348946275,0.15171588784268764,0.25919562095617427,0.28687235175894993
2025,no_asset_cap,0.13016403818260702,0.13009817627932008,6.586190328694563e-05,0.05998376350023119,1.8489482080808188,2.168889857649873,2.4693750131107612,-0.04373909701054668,2.974413857879825,0.13009817627932008,0.01617861179188394,0.1953467093218383,0.008575121477619132,no_asset_cap,passed,True,243,2025-01-02,2025-12-31,0.008812416313842032,0.12338383299796282,0.3107043374051492,5.824300245078297e-05,53,0.29988839359302905,0.3107043374051492,0.2818006651946858,0.3045682316096013,0.01880340000635518,0.0199798633857878,0.11483270944368715,0.1368732019519338,0.28467483176224145,0.31255096972715496
2026,no_asset_cap,0.06077365894419717,0.06067552433655932,9.813460763785642e-05,0.08940850871912381,0.5723103893269268,0.6786325508142748,0.7713331421118602,-0.0570239031434675,1.0640366757060566,0.03954782870776197,0.0253675272174781,0.31144501903139077,0.013827271812017452,no_asset_cap,passed,False,160,2026-01-05,2026-08-31,0.013827271812017447,0.11709511638666736,0.3086044207296514,6.088206532194794e-05,34,0.2999587443233609,0.3086044207296514,0.24042844060644014,0.25985922475462697,0.017900340628894097,0.0191823738056412,0.12604940626185002,0.1405201892791531,0.3156630681794534,0.34685229187812666
2018,no_concentration_caps,0.006898147162108126,0.006643248944241176,0.0002548982178669501,0.025600777606915866,-0.912292436882145,0.2594940296831667,-1.1439058956576347,-0.02630037886674985,0.25259137816603383,0.006643248944241176,0.07036639310227076,0.8567108360201465,0.004123305088275869,no_concentration_caps,passed,False,243,2018-01-02,2018-12-28,0.0042566106441542075,0.3243161464499594,0.6689872989640215,0.0002533190151680791,51,0.5309699155802056,0.6689872989640215,0.23503847343432277,0.2883899491111185,0.00766494591302928,0.00907077585444,0.10735811166157888,0.12394923545452971,0.11896855341086272,0.1520106777336
2019,no_concentration_caps,0.057017316256515294,0.05689121820600063,0.00012609805051466694,0.015345501373942558,1.966368517885025,3.707354801883815,3.1092292539900064,-0.008659484371260406,6.569815911304658,0.05713190272121493,0.03328234592927121,0.401863697542688,0.0018988452589552385,no_concentration_caps,passed,True,244,2019-01-02,2019-12-31,0.0019454973716294959,0.5344563150279248,0.8337331690869741,0.00011981644534537654,51,0.7176871510000598,0.8337331690869741,0.13000822524182515,0.1719173052108107,0.0071881961992259925,0.0084496177531895,0.05910899916484244,0.08988252580723269,0.08600742839404575,0.10400483973477101
2020,no_concentration_caps,0.03495273514940678,0.03470750883835527,0.00024522631105150516,0.017166925296410895,0.750336199964332,2.021766171814798,1.024609772679577,-0.01716325334044877,2.022198714305511,0.03470750883835527,0.06585904067559005,0.7930224595634922,0.002631920989237038,no_concentration_caps,passed,False,243,2020-01-02,2020-12-31,0.002681873529783978,0.6481112987953899,0.8660713698652996,0.00023709254643212448,52,0.799458241371938,0.8660713698652996,0.10953280260020928,0.23487334499744558,0.006037505607954491,0.0066813586196797,0.019432105253685012,0.024935360623657303,0.06553934516621238,0.07176585504901044
2021,no_concentration_caps,0.028669667457005943,0.028544072988051505,0.0001255944689544375,0.012174909612087392,0.3801842224023261,2.3444997866524298,0.5228394362701269,-0.006350626686400185,4.494686020385737,0.028544072988051505,0.03391987138548066,0.41183046061651446,0.0017395531434782614,no_concentration_caps,passed,False,243,2021-01-04,2021-12-31,0.0017802296314311148,0.5594530236925348,0.8169024446898642,0.0001221115369877306,52,0.7397808432901457,0.8169024446898642,0.16384445238165068,0.22070889897536486,0.0065400769701835166,0.0078579635991436,0.019103627205877525,0.020514234450366826,0.07073100015214163,0.07395434488656301
2022,no_concentration_caps,0.005025232929015022,0.004941412725144145,8.382020387087685e-05,0.014205331641563242,-1.0115352539877576,0.34785620285598357,-1.3178915235824156,-0.010629664204552025,0.46487006833461825,0.004921027740767414,0.02306636362980569,0.2808329771928843,0.002024160981348262,no_concentration_caps,passed,False,242,2022-01-04,2022-12-30,0.002065962452426182,0.5929478847924696,0.8355213863984186,8.303890906730067e-05,50,0.7636499837500615,0.8355213863984186,0.14749115567473212,0.1755862079015043,0.006826596864991996,0.0072666239988058,0.021134610813491,0.0251497011712171,0.06089765289672237,0.0727672708395846
2023,no_concentration_caps,0.024173229438484434,0.0240357805868876,0.00013744885159683307,0.00791561237056617,0.38803598446039006,3.0365029844391462,0.5491234369783043,-0.00455914737538099,5.2719902665745755,0.023935693490458432,0.03713332784124735,0.4520982664671865,0.0009755098935851307,no_concentration_caps,passed,False,242,2023-01-03,2023-12-29,0.0009916856674048362,0.521943452734729,0.8344979404788008,0.00013367998022849076,50,0.7077204251928606,0.8344979404788008,0.2052340791685444,0.23407421916881807,0.007175056283276694,0.007871048268752,0.020056251854668007,0.021772824679432895,0.05981418750064937,0.06293484543523235
2024,no_concentration_caps,0.041268234150546146,0.04100572638226829,0.00026250776827785316,0.012652763465363315,1.9317274306402636,3.2408514151490024,2.8991090458002575,-0.004597415455519616,8.919299719375413,0.04083357930266174,0.06979972824881647,0.8404731014136335,0.0016928738158833384,no_concentration_caps,passed,True,242,2024-01-02,2024-12-31,0.0017406266979177036,0.4384236836530539,0.7325921672037307,0.00025127902169573964,51,0.6378164868803378,0.7325921672037307,0.269010664762689,0.3321246350001442,0.0076957175914072395,0.0082688594699206,0.025366652260186195,0.027585602627247838,0.06011047850537898,0.06922778471787111
2025,no_concentration_caps,0.03909429355263683,0.03898752407939465,0.00010676947324217423,0.013907409192887542,1.7808728180598994,2.8033635552575427,2.3781026068528317,-0.009376511231456108,4.157998973925418,0.03898752407939465,0.028538617638499682,0.3445861187590747,0.0019307799117240846,no_concentration_caps,passed,True,243,2025-01-02,2025-12-31,0.001991499839728278,0.4719485890607113,0.7130084223791944,0.00010273902349859911,53,0.6729926585224553,0.7130084223791944,0.21953548562630626,0.2875580079396417,0.007823769430756331,0.0082056862909048,0.029503683605050637,0.0358374109972568,0.07014440281543055,0.07912550364284589
2026,no_concentration_caps,0.02233496704578708,0.02224799841364966,8.696863213741857e-05,0.01465817621475732,0.6928449205641705,1.5177876215767678,0.9446794212479771,-0.01073959284219217,2.0715867668879326,0.014593775234687634,0.023322951372078626,0.2863431256689653,0.002274875401994875,no_concentration_caps,passed,False,160,2026-01-05,2026-08-31,0.002274875401994874,0.6106453102804408,0.8035780317025933,5.5975083292988865e-05,34,0.7761857233193592,0.8035780317025933,0.13712855867591478,0.1830225356432144,0.006838845949409841,0.0079086334880797,0.01678242075402254,0.029089916882508844,0.06306445130129266,0.0750542581655284
2018,no_turnover_cap,-0.04514878460171079,-0.045269304244914155,0.00012051964320336506,0.060935613484234784,-1.230619551227308,-0.7429038891456503,-1.5102469942795802,-0.07653061735346534,-0.5915188693151754,-0.045269304244914155,0.035016930219230635,0.426331125419133,0.010133361173833845,no_turnover_cap,passed,False,243,2018-01-02,2018-12-28,0.010438577113399138,0.14713558309880298,0.3093083710660477,0.0001260609487892311,51,0.3001155736161462,0.3093083710660477,0.2486090465538941,0.284130051171893,0.029536789272742666,0.0424947786488416,0.1339744907942808,0.1411346693207139,0.28776409976293543,0.3888329418492547
2019,no_turnover_cap,0.12973152657270925,0.12965634442360874,7.518214910051668e-05,0.05151144678112656,1.9075225370001267,2.5170394645392475,2.9649924671399392,-0.03411357474387933,3.800725822405104,0.13022323690886428,0.018572881508953865,0.22425603210398015,0.006510516144568214,no_turnover_cap,passed,True,244,2019-01-02,2019-12-31,0.006649036592689375,0.1341248103462124,0.304593137050317,6.686237343223468e-05,51,0.29965319030127263,0.304593137050317,0.2340011049479474,0.2726014098171104,0.027854611047532406,0.030552994431005,0.13239859131520332,0.1418696079099926,0.30609250238804336,0.33064563663129876
2020,no_turnover_cap,0.1144862052949629,0.11437883538227123,0.00010736991269166829,0.08949982167521198,1.0194098942467182,1.277978360642363,1.4046003483441065,-0.08760084055709261,1.305681939292882,0.11437883538227123,0.026743835008027416,0.32202810120929715,0.013993347483440378,no_turnover_cap,passed,True,243,2020-01-02,2020-12-31,0.014286348173282873,0.12140282842558349,0.3124922785191985,9.627780602889948e-05,52,0.29979307790638926,0.3124922785191985,0.21099215119621242,0.2596320294485197,0.02555910369443707,0.0281514028475715,0.11822500445978443,0.1305824815575802,0.34543066274317574,0.37504456930690505
2021,no_turnover_cap,0.046093825024679624,0.046031607246239004,6.221777844062082e-05,0.05803990177850344,0.39912505968912004,0.7931027764641736,0.5527115865571729,-0.0356301662271411,1.291927939734804,0.046031607246239004,0.016524848447782625,0.20063271674967104,0.008468667538334432,no_turnover_cap,passed,False,243,2021-01-04,2021-12-31,0.008630132608207058,0.11582983614826207,0.3052240419740635,5.9489454412018273e-05,52,0.2999701599752646,0.3052240419740635,0.19442342833827742,0.2037970051448404,0.02616919490607929,0.0309406565241622,0.13239112162292763,0.1414147402980174,0.3470460951574498,0.37019856015772507
2022,no_turnover_cap,-0.03297510920581215,-0.03304142003830424,6.631083249208913e-05,0.06983322005624287,-0.7263713794324194,-0.4731475938198619,-0.9665314270346881,-0.06090285927133543,-0.5425265814056045,-0.032907709399778495,0.01895990056151402,0.23083678933643323,0.010059437147105187,no_turnover_cap,passed,False,242,2022-01-04,2022-12-30,0.010260514844256287,0.11879058553764407,0.3078928070908847,6.825564202145118e-05,50,0.3002260960173599,0.3078928070908847,0.23195794161928654,0.24651949688874752,0.02790076090120613,0.029612438412134,0.14602842840499067,0.16240613772280652,0.2938867730571554,0.34112755022115726
2023,no_turnover_cap,0.03401929817819904,0.03396344217186131,5.5856006337728914e-05,0.04172937828100481,0.32582836391573133,0.8138976320987139,0.46234464186605284,-0.03470404918749592,0.9786593486070365,0.03382133762112316,0.014952303528264549,0.18204429545662087,0.005402399421563547,no_turnover_cap,passed,False,242,2023-01-03,2023-12-29,0.0054710580739142116,0.1172793226309131,0.3034743003057922,5.382829270175311e-05,50,0.2999488072828438,0.3034743003057922,0.22540717770883484,0.2399482636342621,0.029054076571306802,0.031826050237173,0.14904849381727225,0.15712976169457432,0.296541444619741,0.3096096577777004
2024,no_turnover_cap,0.083641811031266,0.08351769726242253,0.00012411376884347014,0.060553593932478854,1.096328172455791,1.3792360096008525,1.7162836609977425,-0.039771764991079595,2.0999243378098686,0.08316009344796638,0.03173848658441352,0.38216974367990236,0.007678420633652031,no_turnover_cap,passed,True,242,2024-01-02,2024-12-31,0.007860250661252231,0.12606084457469957,0.3055390661887611,0.00011425855170388953,51,0.2999421289408598,0.3055390661887611,0.29091863550910696,0.3237389592459715,0.022419552986312912,0.0318819293545398,0.12776832333749522,0.1517748919565004,0.2589513592262237,0.28663344882765884
2025,no_turnover_cap,0.13016857158116002,0.1301027619838644,6.580959729562963e-05,0.059936216259520815,1.8504352356241465,2.1706869419405113,2.4713780378390116,-0.04369490139384191,2.97752730487224,0.1301027619838644,0.016165670729585448,0.19519045401590362,0.008567232695533682,no_turnover_cap,passed,True,243,2025-01-02,2025-12-31,0.008804399150148103,0.12340681491906864,0.31069771377802,5.8196414626508335e-05,53,0.29988819302392444,0.31069771377802,0.28187742356218537,0.3046431284535636,0.0188328330524063,0.0200113983649007,0.1149626078324302,0.1371080132302821,0.2844389425290522,0.31227232185230813
2026,no_turnover_cap,0.06069296671475577,0.060594897099292,9.806961546376947e-05,0.08933872750197056,0.57183141368788,0.6782601319003055,0.7707032039174492,-0.0570994434653771,1.0612169475177882,0.039495797602165705,0.0253526088244873,0.3112618612821508,0.013815087203244574,no_turnover_cap,passed,False,160,2026-01-05,2026-08-31,0.01381508720324457,0.11711201773272695,0.3086114909333462,6.084626117877004e-05,34,0.29995875548604517,0.3086114909333462,0.2405220127968483,0.2599115274133444,0.01792870187339317,0.0192126717607995,0.12622155108168717,0.14081436873953948,0.31536897876202474,0.34649045035522413
2018,ledoit_wolf,-0.053317310658880124,-0.05333287825704636,1.5567598166232877e-05,0.07034248162786123,-1.1783370113342044,-0.7581887505646699,-1.4656991665331778,-0.08763041631795376,-0.6086114901421448,-0.05333287825704636,0.004569890334817273,0.0556384148264003,0.011501806286412184,ledoit_wolf,passed,False,243,2018-01-02,2018-12-28,0.011824325888865686,0.09544213056290654,0.19037676632433861,1.6451605205342183e-05,51,0.16601875370814742,0.19037676632433861,0.26272963821323564,0.2859253888012385,0.029203525990113253,0.033922708847030504,0.1954805344524728,0.205467305944998,0.346567547636031,0.3857615745324538
2019,ledoit_wolf,0.1400650156038663,0.14000323038650464,6.178521736166509e-05,0.05096840814717364,2.107016205574477,2.7468629191290184,3.2928950473155574,-0.030345940996363563,4.613573538658156,0.14061811167650728,0.015113974728570956,0.18249187668134023,0.006490128484428672,ledoit_wolf,passed,True,244,2019-01-02,2019-12-31,0.006612649062191185,0.09581592579790109,0.18943464990371425,5.441030902285544e-05,51,0.16280922346828122,0.18943464990371425,0.30055643089784634,0.3376272353467065,0.028794697017471324,0.03177832716335104,0.1886200486581157,0.20523928342112616,0.31921959995828547,0.33514980393928057
2020,ledoit_wolf,0.08835092306317471,0.08830980922850107,4.1113834673645044e-05,0.08803480471272619,0.7647613490083833,1.003123815821166,1.059025052488468,-0.09788389838899281,0.9021893353445722,0.08830980922850107,0.010488210510756634,0.1262907326061712,0.013354952026268461,ledoit_wolf,passed,False,243,2020-01-02,2020-12-31,0.013549259929018525,0.08510713012342157,0.16626677162362904,3.7757557838723874e-05,52,0.13126098909669057,0.14662504006999114,0.3564537003937249,0.37779303325185853,0.026782123466579853,0.029170711157767548,0.16474107180938216,0.1777939072631673,0.32076211523362247,0.3449054317269915
2021,ledoit_wolf,0.02600974147362578,0.026009741209528592,2.6409718856257314e-10,0.0568504448214861,0.06488233850077191,0.4575116569659355,0.08739739893173319,-0.03444577900207646,0.7550922627692837,0.026009741209528592,7.147797419342846e-08,8.678336866753377e-07,0.008633371942030428,ledoit_wolf,passed,False,243,2021-01-04,2021-12-31,0.008833613123898633,0.0788613881976648,0.1424526952726076,2.573207070963424e-10,52,0.12145082940299397,0.12465382189606895,0.3507409204643558,0.35794531063416957,0.02793473761942846,0.033475788980988457,0.15972663857866437,0.1678938793425745,0.3401468739345574,0.35244562064343893
2022,ledoit_wolf,-0.01413144168981173,-0.01414463620873685,1.3194518925119247e-05,0.07076388809791578,-0.4412980627651896,-0.199884949639355,-0.5966588943243114,-0.05280041877627184,-0.2678887125625101,-0.014086839758150949,0.0037086346524867995,0.045152626894026784,0.01019783305770018,ledoit_wolf,passed,False,242,2022-01-04,2022-12-30,0.010396771403408049,0.08354106869557638,0.15050898324579656,1.3351084748952478e-05,50,0.12482785962614415,0.12808368521551755,0.37730361441024196,0.3956940383861491,0.029846876820941958,0.031711966229927044,0.17094471775915382,0.18774721845318937,0.2970769313835181,0.34230837621821214
2023,ledoit_wolf,0.05454621761812328,0.05454621524535819,2.3727650955152058e-09,0.0402090816277736,0.8289387729914581,1.3565645629588692,1.2122740420917435,-0.029231944005338906,1.8659797389936126,0.05431575678500011,6.225863359643456e-07,7.579988640365908e-06,0.005013462438454229,ledoit_wolf,passed,False,242,2023-01-03,2023-12-29,0.00507864629291085,0.08360826813655482,0.14586798069627188,2.241310809471644e-09,50,0.1213197235815986,0.12470708537796486,0.3800184414019523,0.38768079844215675,0.030552465434761544,0.033627167517311624,0.17912391626673024,0.19171238784743852,0.2889854533149574,0.2995894442270864
2024,ledoit_wolf,0.1094924917184461,0.10948620000944942,6.291708996686296e-06,0.05715656694043551,1.5743357890151592,1.9155489188766026,2.237646144428867,-0.03973079368499488,2.755701305076094,0.10901192973625395,0.0015679378940705974,0.018879867554152278,0.00862018453980558,ledoit_wolf,passed,True,242,2024-01-02,2024-12-31,0.008850872851536254,0.0835403371013784,0.14556013762172595,5.644576418654151e-06,51,0.11544064029125545,0.1225677647040887,0.3755536251477724,0.38998127920651837,0.03150852901856228,0.03373347232489752,0.18903715574941954,0.20319474587789454,0.28846004979299034,0.30985138318112154
2025,ledoit_wolf,0.17005353818079882,0.17003072067483482,2.2817505964001228e-05,0.06956326335400613,2.1047950148766925,2.4442602672268507,2.901423479466278,-0.04577343098496134,3.7146160341508523,0.17003072067483482,0.005403926109322585,0.06524905822909335,0.009864258283573818,ledoit_wolf,passed,True,243,2025-01-02,2025-12-31,0.01015950698506302,0.08042630133478346,0.13873567193365519,1.94541339935613e-05,53,0.10466783490225055,0.11289842457902548,0.35678803579324414,0.3820956413150468,0.02964438784882109,0.03205414482444859,0.1989721199472002,0.2468311487304105,0.3099276215084841,0.329684596510474
2026,ledoit_wolf,0.07125158422745037,0.0711775489190627,7.403530838767658e-05,0.09824811345290758,0.6301831796347211,0.7244673349700461,0.8704275933375498,-0.0928840885229314,0.7663050803528125,0.04631359374923272,0.018865732082670575,0.23162045859480426,0.015289683665839982,ledoit_wolf,passed,False,160,2026-01-05,2026-08-31,0.015289683665839975,0.08145835244800127,0.14200873725537094,4.527775699840937e-05,34,0.11268302512699765,0.12266570533722587,0.37052792243592236,0.38638028427663085,0.027469550013300415,0.02925353830698758,0.1901649043106465,0.25064502116414045,0.29915459811313305,0.31320653430141165
2018,relative_cvar,-0.04507199745799062,-0.04519249026128469,0.00012049280329406997,0.06088542201733016,-1.2303577002547552,-0.7422546935524451,-1.5099427955344835,-0.07645047171276864,-0.5911342238812728,-0.04519249026128469,0.03500632370912205,0.426201991158561,0.010124597851895425,relative_cvar,passed,False,243,2018-01-02,2018-12-28,0.010429524283294711,0.1471661235309324,0.3093039809369862,0.00012602276535284007,51,0.30011541774899914,0.3093039809369862,0.24872985199091474,0.2842596171117106,0.029539616425466556,0.0425165843841557,0.13409717370791557,0.14127237357500488,0.2875179401267032,0.3886065535336735
2019,relative_cvar,0.12968591884646474,0.12961075268348266,7.516616298208767e-05,0.05147006158207072,1.9082273055502947,2.5181775327160625,2.966012739319635,-0.03407718894192746,3.8034461382468616,0.13017743457887554,0.01856967200394354,0.22421727932034308,0.006505382527126576,relative_cvar,passed,True,244,2019-01-02,2019-12-31,0.006643735504035407,0.13415939993538775,0.3045884683443612,6.685081921419744e-05,51,0.2996534688165766,0.3045884683443612,0.23414886097291462,0.2727495803977227,0.027856629508899614,0.0305566454377278,0.13251725747630555,0.14201016545118572,0.3058237832253027,0.3303445210662024
2020,relative_cvar,0.11438655164083245,0.11427923700781051,0.00010731463302193767,0.08944539077258072,1.0189719085216404,1.2776425483831924,1.4040375338493147,-0.08757010859497982,1.3050028010855048,0.11427923700781051,0.026732472345593616,0.3218912810185077,0.013983486944994109,relative_cvar,passed,True,243,2020-01-02,2020-12-31,0.014276111679439632,0.12142395714808692,0.3124905968457964,9.623690044413774e-05,52,0.29979323497983085,0.3124905968457964,0.2111755334085976,0.2598212922339925,0.025562527654375004,0.0281542644011007,0.11832440080202378,0.1306692912318522,0.34514430315517164,0.37468731320174015
2021,relative_cvar,0.046067350040533306,0.046005176916288804,6.217312424450228e-05,0.05800338114061254,0.3989024511512119,0.7931464685612458,0.5523869917279652,-0.03559079649469954,1.2926144241571063,0.046005176916288804,0.01651341809314826,0.20049393767941498,0.00846402302002636,relative_cvar,passed,False,243,2021-01-04,2021-12-31,0.008625407850010546,0.11584735795470062,0.3052194228876803,5.9448305135334464e-05,52,0.29997012325235467,0.3052194228876803,0.19459951536318953,0.20398636294358538,0.026174307602239776,0.0309469877158868,0.13250468741474783,0.1415643840446649,0.34675136636746695,0.36992483670239784
2022,relative_cvar,-0.03289148457663116,-0.032957780554581206,6.629597795004827e-05,0.06978372816823677,-0.7256915024441263,-0.47228460587725507,-0.9656399347399128,-0.06078783498078566,-0.5421772393275527,-0.03282440260824959,0.01895406327347049,0.2307657203545032,0.010052437199148945,relative_cvar,passed,False,242,2022-01-04,2022-12-30,0.010253196106506693,0.11881497135700014,0.3078856007161611,6.823462778449443e-05,50,0.30022576880685314,0.3078856007161611,0.23215491379932823,0.24669824936918028,0.02790246642490286,0.0296078934597078,0.1461495034607319,0.1625321055469499,0.29356734750818253,0.34082446536061245
2023,relative_cvar,0.03409855370230752,0.03404272334621372,5.583035609380005e-05,0.04169030616627635,0.32794180579905935,0.8165620854507223,0.465391803997833,-0.0346501078597381,0.9824709199756884,0.033900281671739085,0.014944280965857573,0.18194662075931597,0.0053975600545975305,relative_cvar,passed,False,242,2023-01-03,2023-12-29,0.0054659297667140365,0.11730342569758913,0.3034678452822968,5.3799411477088016e-05,50,0.2999486287077312,0.3034678452822968,0.2256039894352583,0.2401372135461553,0.02905546671240841,0.0318199141109904,0.1491734547807732,0.15723234705699718,0.29621846036382754,0.3092632943499102
2024,relative_cvar,0.08359356965095621,0.08346952051563039,0.00012404913532582107,0.06046572496236826,1.0970954811649882,1.3804435581906755,1.7171977480892349,-0.039734269469829386,2.100693472646064,0.0831121307898075,0.03172326000973674,0.3819863973150443,0.0076689716320645146,relative_cvar,passed,True,242,2024-01-02,2024-12-31,0.007850707811643941,0.12609212873356646,0.3055359572046658,0.000114203736035053,51,0.2999420125108137,0.3055359572046658,0.29112295633053625,0.3239343839956661,0.02243215954526599,0.0318935445224311,0.12784700587132808,0.1518714147428847,0.2586558657420546,0.2862824910241222
2025,relative_cvar,0.12998151761253118,0.12991582179052874,6.569582200244284e-05,0.05986206205146425,1.8498766383764293,2.170253034030774,2.4703981750526536,-0.04364193483814616,2.9768575172559277,0.12991582179052874,0.016140391435430827,0.19488522220797058,0.008556740600992261,relative_cvar,passed,True,243,2025-01-02,2025-12-31,0.008793541270092098,0.12344306689822641,0.3106865082774828,5.810540916755175e-05,53,0.2998884575309046,0.3106865082774828,0.2821433774589353,0.3049164574657013,0.018830993008105368,0.0200083142464764,0.11506624291237443,0.1371487800926782,0.28407092908967896,0.3119090760338769
2026,relative_cvar,0.06066614910126211,0.06056821472387641,9.793437738569999e-05,0.08920922249954137,0.572248670083535,0.6789456630920395,0.7711994295342537,-0.05702673228903665,1.0621021456549529,0.039478578390284236,0.025318224776418125,0.31083971763316703,0.013796736590861988,relative_cvar,passed,False,160,2026-01-05,2026-08-31,0.013796736590861983,0.11714422904673798,0.3086128418737113,6.0763739463404e-05,34,0.29995881776682987,0.3086128418737113,0.24080387004020481,0.26018112638568763,0.01792962660314701,0.0192129829925512,0.12630174939002398,0.1408956252476776,0.3150059361997929,0.3461034725117444
2018,ledoit_wolf_relative_cvar,-0.05328098097113154,-0.053296604088166166,1.562311703462438e-05,0.07031754277067717,-1.1782327719844599,-0.7579417878975027,-1.4655093440729485,-0.08759034527326381,-0.608475784881219,-0.053296604088166166,0.0045858712000171244,0.05583298186020849,0.01149831170231657,ledoit_wolf_relative_cvar,passed,False,243,2018-01-02,2018-12-28,0.011820978461213438,0.09545976840981114,0.1904032588682684,1.6509136320061827e-05,51,0.16605150630941148,0.1904032588682684,0.26277629399586,0.2859782472001384,0.02917609768849448,0.0338912165720438,0.19551160861751546,0.2055014552712933,0.34648449338871784,0.38575634541481507
2019,ledoit_wolf_relative_cvar,0.1400276256728763,0.13996579821829447,6.182745458183092e-05,0.0509526544938221,2.1070045416264658,2.746977554138323,3.2927382287779827,-0.030335670481603905,4.613901588335496,0.14058050519619347,0.015124799299589098,0.18262257666693946,0.00648836148955553,ledoit_wolf_relative_cvar,passed,True,244,2019-01-02,2019-12-31,0.006610878471153458,0.09583101068264993,0.1894607372438384,5.44492774785212e-05,51,0.16282556937445616,0.1894607372438384,0.30062897130052846,0.33773561113143363,0.02876762074410542,0.0317487694042107,0.1886353817093697,0.2052517357925629,0.3191424568715394,0.3350517110042431
2020,ledoit_wolf_relative_cvar,0.0883368095458914,0.08829566319074567,4.1146355145738056e-05,0.08801523959417651,0.764763448253784,1.0031860800227568,1.0590627450534171,-0.0978778739636994,0.9021003380548749,0.08829566319074567,0.010496871403848527,0.12639502022820903,0.01335127429677213,ledoit_wolf_relative_cvar,passed,False,243,2020-01-02,2020-12-31,0.013545565328960105,0.08512202431229295,0.1662715661553261,3.778873705385496e-05,52,0.13128191182072058,0.1466274007344095,0.3565541448924568,0.3778919727819743,0.026757281688217276,0.0291437443676933,0.1647595125098578,0.17776846532399138,0.32064714908874664,0.3447505549513047
2021,ledoit_wolf_relative_cvar,0.026014807902433823,0.02601480788051802,2.191580250610059e-11,0.05682653313043291,0.06497305799445084,0.45779333081619994,0.08751913191622254,-0.03442589892640602,0.7556754853702206,0.02601480788051802,5.9287905433800826e-09,7.198307188818532e-08,0.008629919893218109,ledoit_wolf_relative_cvar,passed,False,243,2021-01-04,2021-12-31,0.008829920439584376,0.0788773313501625,0.1424585522062333,2.13436459561683e-11,52,0.1214753382497642,0.1246788670433654,0.3508496663464539,0.3580476804333045,0.02790935842373496,0.0334448937892454,0.15978185103720524,0.16795138858464945,0.3399837859428409,0.35227214815326185
2022,ledoit_wolf_relative_cvar,-0.014078485985665301,-0.014091689601581692,1.3203615916390632e-05,0.07073011078512156,-0.44078009084195824,-0.19923183273941583,-0.5959712798011012,-0.05275369939654617,-0.26712230161633527,-0.01403410795283766,0.0037110409710152093,0.04518192382211017,0.010193370452716878,ledoit_wolf_relative_cvar,passed,False,242,2022-01-04,2022-12-30,0.010392046281296608,0.08356163982519978,0.1505079658895518,1.3359747495654962e-05,50,0.12484690912183118,0.128099361212829,0.37741818247477343,0.3957662564426196,0.029818327349206412,0.0316813674953613,0.1709826149949295,0.18780055062427486,0.2969339660592586,0.34215369421005054
2023,ledoit_wolf_relative_cvar,0.05456212608140021,0.054562124281639646,1.7997605628039537e-09,0.04019236793182311,0.8296437980724491,1.35752450251728,1.2134408059752362,-0.02921260788486546,1.8677594447124772,0.054331596889082734,4.7213419350798524e-07,5.7482338059597205e-06,0.005010508818247439,ledoit_wolf_relative_cvar,passed,False,242,2023-01-03,2023-12-29,0.0050757847886923665,0.08362974995795923,0.1458673883016792,1.6996830966287466e-09,50,0.12133542163837303,0.1247236674368047,0.38011915068498725,0.3877827156069067,0.030522608157187017,0.0335947728654346,0.17916695776507735,0.19175403994160095,0.28885586175437444,0.29945750111667013
2024,ledoit_wolf_relative_cvar,0.10946318457252446,0.10945686028223744,6.324290287018641e-06,0.05713007059592064,1.5745744657049243,1.915923770800542,2.238108781366759,-0.03970591970258874,2.7566887028963865,0.10898272323726443,0.001576129195461157,0.01897850072446772,0.008614716251850852,ledoit_wolf_relative_cvar,passed,True,242,2024-01-02,2024-12-31,0.008845216591575718,0.08356451229481746,0.1455589222362227,5.674065103660355e-06,51,0.11546689648844258,0.1225825500759709,0.3756669955527038,0.39010696951726775,0.03147793183089349,0.0337007435964021,0.1890726882226156,0.20323769637280809,0.2883154879053436,0.30968538846135407
2025,ledoit_wolf_relative_cvar,0.17000192062799746,0.16997906387174866,2.2856756248801346e-05,0.06952377490512922,2.1053126698910205,2.4449055607768533,2.9023143156219526,-0.0457351221216129,3.7165980101630076,0.16997906387174866,0.005413396509300879,0.06536340743874863,0.009858134118242802,ledoit_wolf_relative_cvar,passed,True,243,2025-01-02,2025-12-31,0.010153349458148718,0.0804518858929216,0.1387327333912433,1.9488227433483288e-05,53,0.10471971927553747,0.1129491759010847,0.35691119531602605,0.382199478848957,0.02961626710175617,0.0320233381635375,0.19899957563797332,0.24680772743865986,0.309753242668706,0.3295042052804945
2026,ledoit_wolf_relative_cvar,0.07122091712513767,0.07114685789467767,7.405923045999963e-05,0.09820244055085266,0.6301370468488521,0.7244917488362761,0.8703436624096402,-0.09284069956009111,0.7663326346289312,0.04629385463662783,0.018872390106299288,0.2317022012210358,0.0152830336678162,ledoit_wolf_relative_cvar,passed,False,160,2026-01-05,2026-08-31,0.015283033667816194,0.08148097004369939,0.142055358433713,4.529373625511854e-05,34,0.11272511948079869,0.1226975545907885,0.370685804132084,0.3865339295448761,0.027444964632673284,0.0292276273023607,0.19014242600077355,0.2506034234686537,0.29900168575366953,0.3130543371780792
