trade_date,risk_free_return
2018-01-02,0.00015309583726841325
2018-01-03,0.00015309583726841325
2018-01-04,0.00015309583726841325
2018-01-05,0.00015309583726841325
2018-01-08,0.00015309583726841325
2018-01-09,0.00015309583726841325
2018-01-10,0.00015309583726841325
2018-01-11,0.00015309583726841325
2018-01-12,0.00015309583726841325
2018-01-15,0.00015309583726841325
2018-01-16,0.00015309583726841325
2018-01-17,0.00015309583726841325
2018-01-18,0.00015309583726841325
2018-01-19,0.00015309583726841325
2018-01-22,0.00015309583726841325
2018-01-23,0.00015309583726841325
2018-01-24,0.00015309583726841325
2018-01-25,0.00015309583726841325
2018-01-26,0.00015309583726841325
2018-01-29,0.00015309583726841325
2018-01-30,0.00015309583726841325
2018-01-31,0.00015309583726841325
2018-02-01,0.00014038651840397876
2018-02-02,0.00014038651840397876
2018-02-05,0.00014038651840397876
2018-02-06,0.00014038651840397876
2018-02-07,0.00014038651840397876
2018-02-08,0.00014038651840397876
2018-02-09,0.00014038651840397876
2018-02-12,0.00014038651840397876
2018-02-13,0.00014038651840397876
2018-02-14,0.00014038651840397876
2018-02-22,0.00014038651840397876
2018-02-23,0.00014038651840397876
2018-02-26,0.00014038651840397876
2018-02-27,0.00014038651840397876
2018-02-28,0.00014038651840397876
2018-03-01,0.00013082881450099393
2018-03-02,0.00013082881450099393
2018-03-05,0.00013082881450099393
2018-03-06,0.00013082881450099393
2018-03-07,0.00013082881450099393
2018-03-08,0.00013082881450099393
2018-03-09,0.00013082881450099393
2018-03-12,0.00013082881450099393
2018-03-13,0.00013082881450099393
2018-03-14,0.00013082881450099393
2018-03-15,0.00013082881450099393
2018-03-16,0.00013082881450099393
2018-03-19,0.00013082881450099393
2018-03-20,0.00013082881450099393
2018-03-21,0.00013082881450099393
2018-03-22,0.00013082881450099393
2018-03-23,0.00013082881450099393
2018-03-26,0.00013082881450099393
2018-03-27,0.00013082881450099393
2018-03-28,0.00013082881450099393
2018-03-29,0.00013082881450099393
2018-03-30,0.00013082881450099393
2018-04-02,0.000134415544233768
2018-04-03,0.000134415544233768
2018-04-04,0.000134415544233768
2018-04-09,0.000134415544233768
2018-04-10,0.000134415544233768
2018-04-11,0.000134415544233768
2018-04-12,0.000134415544233768
2018-04-13,0.000134415544233768
2018-04-16,0.000134415544233768
2018-04-17,0.000134415544233768
2018-04-18,0.000134415544233768
2018-04-19,0.000134415544233768
2018-04-20,0.000134415544233768
2018-04-23,0.000134415544233768
2018-04-24,0.000134415544233768
2018-04-25,0.000134415544233768
2018-04-26,0.000134415544233768
2018-04-27,0.000134415544233768
2018-05-02,0.0001216485600739059
2018-05-03,0.0001216485600739059
2018-05-04,0.0001216485600739059
2018-05-07,0.0001216485600739059
2018-05-08,0.0001216485600739059
2018-05-09,0.0001216485600739059
2018-05-10,0.0001216485600739059
2018-05-11,0.0001216485600739059
2018-05-14,0.0001216485600739059
2018-05-15,0.0001216485600739059
2018-05-16,0.0001216485600739059
2018-05-17,0.0001216485600739059
2018-05-18,0.0001216485600739059
2018-05-21,0.0001216485600739059
2018-05-22,0.0001216485600739059
2018-05-23,0.0001216485600739059
2018-05-24,0.0001216485600739059
2018-05-25,0.0001216485600739059
2018-05-28,0.0001216485600739059
2018-05-29,0.0001216485600739059
2018-05-30,0.0001216485600739059
2018-05-31,0.0001216485600739059
2018-06-01,0.00012763799495019157
2018-06-04,0.00012763799495019157
2018-06-05,0.00012763799495019157
2018-06-06,0.00012763799495019157
2018-06-07,0.00012763799495019157
2018-06-08,0.00012763799495019157
2018-06-11,0.00012763799495019157
2018-06-12,0.00012763799495019157
2018-06-13,0.00012763799495019157
2018-06-14,0.00012763799495019157
2018-06-15,0.00012763799495019157
2018-06-19,0.00012763799495019157
2018-06-20,0.00012763799495019157
2018-06-21,0.00012763799495019157
2018-06-22,0.00012763799495019157
2018-06-25,0.00012763799495019157
2018-06-26,0.00012763799495019157
2018-06-27,0.00012763799495019157
2018-06-28,0.00012763799495019157
2018-06-29,0.00012763799495019157
2018-07-02,0.00012803698214614023
2018-07-03,0.00012803698214614023
2018-07-04,0.00012803698214614023
2018-07-05,0.00012803698214614023
2018-07-06,0.00012803698214614023
2018-07-09,0.00012803698214614023
2018-07-10,0.00012803698214614023
2018-07-11,0.00012803698214614023
2018-07-12,0.00012803698214614023
2018-07-13,0.00012803698214614023
2018-07-16,0.00012803698214614023
2018-07-17,0.00012803698214614023
2018-07-18,0.00012803698214614023
2018-07-19,0.00012803698214614023
2018-07-20,0.00012803698214614023
2018-07-23,0.00012803698214614023
2018-07-24,0.00012803698214614023
2018-07-25,0.00012803698214614023
2018-07-26,0.00012803698214614023
2018-07-27,0.00012803698214614023
2018-07-30,0.00012803698214614023
2018-07-31,0.00012803698214614023
2018-08-01,0.00011525024742331524
2018-08-02,0.00011525024742331524
2018-08-03,0.00011525024742331524
2018-08-06,0.00011525024742331524
2018-08-07,0.00011525024742331524
2018-08-08,0.00011525024742331524
2018-08-09,0.00011525024742331524
2018-08-10,0.00011525024742331524
2018-08-13,0.00011525024742331524
2018-08-14,0.00011525024742331524
2018-08-15,0.00011525024742331524
2018-08-16,0.00011525024742331524
2018-08-17,0.00011525024742331524
2018-08-20,0.00011525024742331524
2018-08-21,0.00011525024742331524
2018-08-22,0.00011525024742331524
2018-08-23,0.00011525024742331524
2018-08-24,0.00011525024742331524
2018-08-27,0.00011525024742331524
2018-08-28,0.00011525024742331524
2018-08-29,0.00011525024742331524
2018-08-30,0.00011525024742331524
2018-08-31,0.00011525024742331524
2018-09-03,0.00011565043230787886
2018-09-04,0.00011565043230787886
2018-09-05,0.00011565043230787886
2018-09-06,0.00011565043230787886
2018-09-07,0.00011565043230787886
2018-09-10,0.00011565043230787886
2018-09-11,0.00011565043230787886
2018-09-12,0.00011565043230787886
2018-09-13,0.00011565043230787886
2018-09-14,0.00011565043230787886
2018-09-17,0.00011565043230787886
2018-09-18,0.00011565043230787886
2018-09-19,0.00011565043230787886
2018-09-20,0.00011565043230787886
2018-09-21,0.00011565043230787886
2018-09-25,0.00011565043230787886
2018-09-26,0.00011565043230787886
2018-09-27,0.00011565043230787886
2018-09-28,0.00011565043230787886
2018-10-08,0.00012044963076052184
2018-10-09,0.00012044963076052184
2018-10-10,0.00012044963076052184
2018-10-11,0.00012044963076052184
2018-10-12,0.00012044963076052184
2018-10-15,0.00012044963076052184
2018-10-16,0.00012044963076052184
2018-10-17,0.00012044963076052184
2018-10-18,0.00012044963076052184
2018-10-19,0.00012044963076052184
2018-10-22,0.00012044963076052184
2018-10-23,0.00012044963076052184
2018-10-24,0.00012044963076052184
2018-10-25,0.00012044963076052184
2018-10-26,0.00012044963076052184
2018-10-29,0.00012044963076052184
2018-10-30,0.00012044963076052184
2018-10-31,0.00012044963076052184
2018-11-01,0.00011404946020920903
2018-11-02,0.00011404946020920903
2018-11-05,0.00011404946020920903
2018-11-06,0.00011404946020920903
2018-11-07,0.00011404946020920903
2018-11-08,0.00011404946020920903
2018-11-09,0.00011404946020920903
2018-11-12,0.00011404946020920903
2018-11-13,0.00011404946020920903
2018-11-14,0.00011404946020920903
2018-11-15,0.00011404946020920903
2018-11-16,0.00011404946020920903
2018-11-19,0.00011404946020920903
2018-11-20,0.00011404946020920903
2018-11-21,0.00011404946020920903
2018-11-22,0.00011404946020920903
2018-11-23,0.00011404946020920903
2018-11-26,0.00011404946020920903
2018-11-27,0.00011404946020920903
2018-11-28,0.00011404946020920903
2018-11-29,0.00011404946020920903
2018-11-30,0.00011404946020920903
2018-12-03,0.00010081772209580286
2018-12-04,0.00010081772209580286
2018-12-05,0.00010081772209580286
2018-12-06,0.00010081772209580286
2018-12-07,0.00010081772209580286
2018-12-10,0.00010081772209580286
2018-12-11,0.00010081772209580286
2018-12-12,0.00010081772209580286
2018-12-13,0.00010081772209580286
2018-12-14,0.00010081772209580286
2018-12-17,0.00010081772209580286
2018-12-18,0.00010081772209580286
2018-12-19,0.00010081772209580286
2018-12-20,0.00010081772209580286
2018-12-21,0.00010081772209580286
2018-12-24,0.00010081772209580286
2018-12-25,0.00010081772209580286
2018-12-26,0.00010081772209580286
2018-12-27,0.00010081772209580286
2018-12-28,0.00010081772209580286
2019-01-02,0.0001056341663383531
2019-01-03,0.0001056341663383531
2019-01-04,0.0001056341663383531
2019-01-07,0.0001056341663383531
2019-01-08,0.0001056341663383531
2019-01-09,0.0001056341663383531
2019-01-10,0.0001056341663383531
2019-01-11,0.0001056341663383531
2019-01-14,0.0001056341663383531
2019-01-15,0.0001056341663383531
2019-01-16,0.0001056341663383531
2019-01-17,0.0001056341663383531
2019-01-18,0.0001056341663383531
2019-01-21,0.0001056341663383531
2019-01-22,0.0001056341663383531
2019-01-23,0.0001056341663383531
2019-01-24,0.0001056341663383531
2019-01-25,0.0001056341663383531
2019-01-28,0.0001056341663383531
2019-01-29,0.0001056341663383531
2019-01-30,0.0001056341663383531
2019-01-31,0.0001056341663383531
2019-02-01,9.720170155147478e-05
2019-02-11,9.720170155147478e-05
2019-02-12,9.720170155147478e-05
2019-02-13,9.720170155147478e-05
2019-02-14,9.720170155147478e-05
2019-02-15,9.720170155147478e-05
2019-02-18,9.720170155147478e-05
2019-02-19,9.720170155147478e-05
2019-02-20,9.720170155147478e-05
2019-02-21,9.720170155147478e-05
2019-02-22,9.720170155147478e-05
2019-02-25,9.720170155147478e-05
2019-02-26,9.720170155147478e-05
2019-02-27,9.720170155147478e-05
2019-02-28,9.720170155147478e-05
2019-03-01,9.800553514738297e-05
2019-03-04,9.800553514738297e-05
2019-03-05,9.800553514738297e-05
2019-03-06,9.800553514738297e-05
2019-03-07,9.800553514738297e-05
2019-03-08,9.800553514738297e-05
2019-03-11,9.800553514738297e-05
2019-03-12,9.800553514738297e-05
2019-03-13,9.800553514738297e-05
2019-03-14,9.800553514738297e-05
2019-03-15,9.800553514738297e-05
2019-03-18,9.800553514738297e-05
2019-03-19,9.800553514738297e-05
2019-03-20,9.800553514738297e-05
2019-03-21,9.800553514738297e-05
2019-03-22,9.800553514738297e-05
2019-03-25,9.800553514738297e-05
2019-03-26,9.800553514738297e-05
2019-03-27,9.800553514738297e-05
2019-03-28,9.800553514738297e-05
2019-03-29,9.800553514738297e-05
2019-04-01,9.921099245646658e-05
2019-04-02,9.921099245646658e-05
2019-04-03,9.921099245646658e-05
2019-04-04,9.921099245646658e-05
2019-04-08,9.921099245646658e-05
2019-04-09,9.921099245646658e-05
2019-04-10,9.921099245646658e-05
2019-04-11,9.921099245646658e-05
2019-04-12,9.921099245646658e-05
2019-04-15,9.921099245646658e-05
2019-04-16,9.921099245646658e-05
2019-04-17,9.921099245646658e-05
2019-04-18,9.921099245646658e-05
2019-04-19,9.921099245646658e-05
2019-04-22,9.921099245646658e-05
2019-04-23,9.921099245646658e-05
2019-04-24,9.921099245646658e-05
2019-04-25,9.921099245646658e-05
2019-04-26,9.921099245646658e-05
2019-04-29,9.921099245646658e-05
2019-04-30,9.921099245646658e-05
2019-05-06,0.00010924281932811475
2019-05-07,0.00010924281932811475
2019-05-08,0.00010924281932811475
2019-05-09,0.00010924281932811475
2019-05-10,0.00010924281932811475
2019-05-13,0.00010924281932811475
2019-05-14,0.00010924281932811475
2019-05-15,0.00010924281932811475
2019-05-16,0.00010924281932811475
2019-05-17,0.00010924281932811475
2019-05-20,0.00010924281932811475
2019-05-21,0.00010924281932811475
2019-05-22,0.00010924281932811475
2019-05-23,0.00010924281932811475
2019-05-24,0.00010924281932811475
2019-05-27,0.00010924281932811475
2019-05-28,0.00010924281932811475
2019-05-29,0.00010924281932811475
2019-05-30,0.00010924281932811475
2019-05-31,0.00010924281932811475
2019-06-03,0.00010884201345828792
2019-06-04,0.00010884201345828792
2019-06-05,0.00010884201345828792
2019-06-06,0.00010884201345828792
2019-06-10,0.00010884201345828792
2019-06-11,0.00010884201345828792
2019-06-12,0.00010884201345828792
2019-06-13,0.00010884201345828792
2019-06-14,0.00010884201345828792
2019-06-17,0.00010884201345828792
2019-06-18,0.00010884201345828792
2019-06-19,0.00010884201345828792
2019-06-20,0.00010884201345828792
2019-06-21,0.00010884201345828792
2019-06-24,0.00010884201345828792
2019-06-25,0.00010884201345828792
2019-06-26,0.00010884201345828792
2019-06-27,0.00010884201345828792
2019-06-28,0.00010884201345828792
2019-07-01,0.0001072384011460148
2019-07-02,0.0001072384011460148
2019-07-03,0.0001072384011460148
2019-07-04,0.0001072384011460148
2019-07-05,0.0001072384011460148
2019-07-08,0.0001072384011460148
2019-07-09,0.0001072384011460148
2019-07-10,0.0001072384011460148
2019-07-11,0.0001072384011460148
2019-07-12,0.0001072384011460148
2019-07-15,0.0001072384011460148
2019-07-16,0.0001072384011460148
2019-07-17,0.0001072384011460148
2019-07-18,0.0001072384011460148
2019-07-19,0.0001072384011460148
2019-07-22,0.0001072384011460148
2019-07-23,0.0001072384011460148
2019-07-24,0.0001072384011460148
2019-07-25,0.0001072384011460148
2019-07-26,0.0001072384011460148
2019-07-29,0.0001072384011460148
2019-07-30,0.0001072384011460148
2019-07-31,0.0001072384011460148
2019-08-01,0.0001064363615843611
2019-08-02,0.0001064363615843611
2019-08-05,0.0001064363615843611
2019-08-06,0.0001064363615843611
2019-08-07,0.0001064363615843611
2019-08-08,0.0001064363615843611
2019-08-09,0.0001064363615843611
2019-08-12,0.0001064363615843611
2019-08-13,0.0001064363615843611
2019-08-14,0.0001064363615843611
2019-08-15,0.0001064363615843611
2019-08-16,0.0001064363615843611
2019-08-19,0.0001064363615843611
2019-08-20,0.0001064363615843611
2019-08-21,0.0001064363615843611
2019-08-22,0.0001064363615843611
2019-08-23,0.0001064363615843611
2019-08-26,0.0001064363615843611
2019-08-27,0.0001064363615843611
2019-08-28,0.0001064363615843611
2019-08-29,0.0001064363615843611
2019-08-30,0.0001064363615843611
2019-09-02,0.0001064363615843611
2019-09-03,0.0001064363615843611
2019-09-04,0.0001064363615843611
2019-09-05,0.0001064363615843611
2019-09-06,0.0001064363615843611
2019-09-09,0.0001064363615843611
2019-09-10,0.0001064363615843611
2019-09-11,0.0001064363615843611
2019-09-12,0.0001064363615843611
2019-09-16,0.0001064363615843611
2019-09-17,0.0001064363615843611
2019-09-18,0.0001064363615843611
2019-09-19,0.0001064363615843611
2019-09-20,0.0001064363615843611
2019-09-23,0.0001064363615843611
2019-09-24,0.0001064363615843611
2019-09-25,0.0001064363615843611
2019-09-26,0.0001064363615843611
2019-09-27,0.0001064363615843611
2019-09-30,0.0001064363615843611
2019-10-08,0.00010402930855102355
2019-10-09,0.00010402930855102355
2019-10-10,0.00010402930855102355
2019-10-11,0.00010402930855102355
2019-10-14,0.00010402930855102355
2019-10-15,0.00010402930855102355
2019-10-16,0.00010402930855102355
2019-10-17,0.00010402930855102355
2019-10-18,0.00010402930855102355
2019-10-21,0.00010402930855102355
2019-10-22,0.00010402930855102355
2019-10-23,0.00010402930855102355
2019-10-24,0.00010402930855102355
2019-10-25,0.00010402930855102355
2019-10-28,0.00010402930855102355
2019-10-29,0.00010402930855102355
2019-10-30,0.00010402930855102355
2019-10-31,0.00010402930855102355
2019-11-01,0.00010804028508371033
2019-11-04,0.00010804028508371033
2019-11-05,0.00010804028508371033
2019-11-06,0.00010804028508371033
2019-11-07,0.00010804028508371033
2019-11-08,0.00010804028508371033
2019-11-11,0.00010804028508371033
2019-11-12,0.00010804028508371033
2019-11-13,0.00010804028508371033
2019-11-14,0.00010804028508371033
2019-11-15,0.00010804028508371033
2019-11-18,0.00010804028508371033
2019-11-19,0.00010804028508371033
2019-11-20,0.00010804028508371033
2019-11-21,0.00010804028508371033
2019-11-22,0.00010804028508371033
2019-11-25,0.00010804028508371033
2019-11-26,0.00010804028508371033
2019-11-27,0.00010804028508371033
2019-11-28,0.00010804028508371033
2019-11-29,0.00010804028508371033
2019-12-02,0.0001072384011460148
2019-12-03,0.0001072384011460148
2019-12-04,0.0001072384011460148
2019-12-05,0.0001072384011460148
2019-12-06,0.0001072384011460148
2019-12-09,0.0001072384011460148
2019-12-10,0.0001072384011460148
2019-12-11,0.0001072384011460148
2019-12-12,0.0001072384011460148
2019-12-13,0.0001072384011460148
2019-12-16,0.0001072384011460148
2019-12-17,0.0001072384011460148
2019-12-18,0.0001072384011460148
2019-12-19,0.0001072384011460148
2019-12-20,0.0001072384011460148
2019-12-23,0.0001072384011460148
2019-12-24,0.0001072384011460148
2019-12-25,0.0001072384011460148
2019-12-26,0.0001072384011460148
2019-12-27,0.0001072384011460148
2019-12-30,0.0001072384011460148
2019-12-31,0.0001072384011460148
2020-01-02,9.599565792006715e-05
2020-01-03,9.599565792006715e-05
2020-01-06,9.599565792006715e-05
2020-01-07,9.599565792006715e-05
2020-01-08,9.599565792006715e-05
2020-01-09,9.599565792006715e-05
2020-01-10,9.599565792006715e-05
2020-01-13,9.599565792006715e-05
2020-01-14,9.599565792006715e-05
2020-01-15,9.599565792006715e-05
2020-01-16,9.599565792006715e-05
2020-01-17,9.599565792006715e-05
2020-01-20,9.599565792006715e-05
2020-01-21,9.599565792006715e-05
2020-01-22,9.599565792006715e-05
2020-01-23,9.599565792006715e-05
2020-02-03,8.875199548685764e-05
2020-02-04,8.875199548685764e-05
2020-02-05,8.875199548685764e-05
2020-02-06,8.875199548685764e-05
2020-02-07,8.875199548685764e-05
2020-02-10,8.875199548685764e-05
2020-02-11,8.875199548685764e-05
2020-02-12,8.875199548685764e-05
2020-02-13,8.875199548685764e-05
2020-02-14,8.875199548685764e-05
2020-02-17,8.875199548685764e-05
2020-02-18,8.875199548685764e-05
2020-02-19,8.875199548685764e-05
2020-02-20,8.875199548685764e-05
2020-02-21,8.875199548685764e-05
2020-02-24,8.875199548685764e-05
2020-02-25,8.875199548685764e-05
2020-02-26,8.875199548685764e-05
2020-02-27,8.875199548685764e-05
2020-02-28,8.875199548685764e-05
2020-03-02,7.867024328045424e-05
2020-03-03,7.867024328045424e-05
2020-03-04,7.867024328045424e-05
2020-03-05,7.867024328045424e-05
2020-03-06,7.867024328045424e-05
2020-03-09,7.867024328045424e-05
2020-03-10,7.867024328045424e-05
2020-03-11,7.867024328045424e-05
2020-03-12,7.867024328045424e-05
2020-03-13,7.867024328045424e-05
2020-03-16,7.867024328045424e-05
2020-03-17,7.867024328045424e-05
2020-03-18,7.867024328045424e-05
2020-03-19,7.867024328045424e-05
2020-03-20,7.867024328045424e-05
2020-03-23,7.867024328045424e-05
2020-03-24,7.867024328045424e-05
2020-03-25,7.867024328045424e-05
2020-03-26,7.867024328045424e-05
2020-03-27,7.867024328045424e-05
2020-03-30,7.867024328045424e-05
2020-03-31,7.867024328045424e-05
2020-04-01,6.896856676119612e-05
2020-04-02,6.896856676119612e-05
2020-04-03,6.896856676119612e-05
2020-04-07,6.896856676119612e-05
2020-04-08,6.896856676119612e-05
2020-04-09,6.896856676119612e-05
2020-04-10,6.896856676119612e-05
2020-04-13,6.896856676119612e-05
2020-04-14,6.896856676119612e-05
2020-04-15,6.896856676119612e-05
2020-04-16,6.896856676119612e-05
2020-04-17,6.896856676119612e-05
2020-04-20,6.896856676119612e-05
2020-04-21,6.896856676119612e-05
2020-04-22,6.896856676119612e-05
2020-04-23,6.896856676119612e-05
2020-04-24,6.896856676119612e-05
2020-04-27,6.896856676119612e-05
2020-04-28,6.896856676119612e-05
2020-04-29,6.896856676119612e-05
2020-04-30,6.896856676119612e-05
2020-05-06,4.7056159063751934e-05
2020-05-07,4.7056159063751934e-05
2020-05-08,4.7056159063751934e-05
2020-05-11,4.7056159063751934e-05
2020-05-12,4.7056159063751934e-05
2020-05-13,4.7056159063751934e-05
2020-05-14,4.7056159063751934e-05
2020-05-15,4.7056159063751934e-05
2020-05-18,4.7056159063751934e-05
2020-05-19,4.7056159063751934e-05
2020-05-20,4.7056159063751934e-05
2020-05-21,4.7056159063751934e-05
2020-05-22,4.7056159063751934e-05
2020-05-25,4.7056159063751934e-05
2020-05-26,4.7056159063751934e-05
2020-05-27,4.7056159063751934e-05
2020-05-28,4.7056159063751934e-05
2020-05-29,4.7056159063751934e-05
2020-06-01,6.532455806751436e-05
2020-06-02,6.532455806751436e-05
2020-06-03,6.532455806751436e-05
2020-06-04,6.532455806751436e-05
2020-06-05,6.532455806751436e-05
2020-06-08,6.532455806751436e-05
2020-06-09,6.532455806751436e-05
2020-06-10,6.532455806751436e-05
2020-06-11,6.532455806751436e-05
2020-06-12,6.532455806751436e-05
2020-06-15,6.532455806751436e-05
2020-06-16,6.532455806751436e-05
2020-06-17,6.532455806751436e-05
2020-06-18,6.532455806751436e-05
2020-06-19,6.532455806751436e-05
2020-06-22,6.532455806751436e-05
2020-06-23,6.532455806751436e-05
2020-06-24,6.532455806751436e-05
2020-06-29,6.532455806751436e-05
2020-06-30,6.532455806751436e-05
2020-07-01,8.875199548685764e-05
2020-07-02,8.875199548685764e-05
2020-07-03,8.875199548685764e-05
2020-07-06,8.875199548685764e-05
2020-07-07,8.875199548685764e-05
2020-07-08,8.875199548685764e-05
2020-07-09,8.875199548685764e-05
2020-07-10,8.875199548685764e-05
2020-07-13,8.875199548685764e-05
2020-07-14,8.875199548685764e-05
2020-07-15,8.875199548685764e-05
2020-07-16,8.875199548685764e-05
2020-07-17,8.875199548685764e-05
2020-07-20,8.875199548685764e-05
2020-07-21,8.875199548685764e-05
2020-07-22,8.875199548685764e-05
2020-07-23,8.875199548685764e-05
2020-07-24,8.875199548685764e-05
2020-07-27,8.875199548685764e-05
2020-07-28,8.875199548685764e-05
2020-07-29,8.875199548685764e-05
2020-07-30,8.875199548685764e-05
2020-07-31,8.875199548685764e-05
2020-08-03,9.116796065344879e-05
2020-08-04,9.116796065344879e-05
2020-08-05,9.116796065344879e-05
2020-08-06,9.116796065344879e-05
2020-08-07,9.116796065344879e-05
2020-08-10,9.116796065344879e-05
2020-08-11,9.116796065344879e-05
2020-08-12,9.116796065344879e-05
2020-08-13,9.116796065344879e-05
2020-08-14,9.116796065344879e-05
2020-08-17,9.116796065344879e-05
2020-08-18,9.116796065344879e-05
2020-08-19,9.116796065344879e-05
2020-08-20,9.116796065344879e-05
2020-08-21,9.116796065344879e-05
2020-08-24,9.116796065344879e-05
2020-08-25,9.116796065344879e-05
2020-08-26,9.116796065344879e-05
2020-08-27,9.116796065344879e-05
2020-08-28,9.116796065344879e-05
2020-08-31,9.116796065344879e-05
2020-09-01,0.00010202235951228822
2020-09-02,0.00010202235951228822
2020-09-03,0.00010202235951228822
2020-09-04,0.00010202235951228822
2020-09-07,0.00010202235951228822
2020-09-08,0.00010202235951228822
2020-09-09,0.00010202235951228822
2020-09-10,0.00010202235951228822
2020-09-11,0.00010202235951228822
2020-09-14,0.00010202235951228822
2020-09-15,0.00010202235951228822
2020-09-16,0.00010202235951228822
2020-09-17,0.00010202235951228822
2020-09-18,0.00010202235951228822
2020-09-21,0.00010202235951228822
2020-09-22,0.00010202235951228822
2020-09-23,0.00010202235951228822
2020-09-24,0.00010202235951228822
2020-09-25,0.00010202235951228822
2020-09-28,0.00010202235951228822
2020-09-29,0.00010202235951228822
2020-09-30,0.00010202235951228822
2020-10-09,0.00010763936256408257
2020-10-12,0.00010763936256408257
2020-10-13,0.00010763936256408257
2020-10-14,0.00010763936256408257
2020-10-15,0.00010763936256408257
2020-10-16,0.00010763936256408257
2020-10-19,0.00010763936256408257
2020-10-20,0.00010763936256408257
2020-10-21,0.00010763936256408257
2020-10-22,0.00010763936256408257
2020-10-23,0.00010763936256408257
2020-10-26,0.00010763936256408257
2020-10-27,0.00010763936256408257
2020-10-28,0.00010763936256408257
2020-10-29,0.00010763936256408257
2020-10-30,0.00010763936256408257
2020-11-02,0.00011084565420160786
2020-11-03,0.00011084565420160786
2020-11-04,0.00011084565420160786
2020-11-05,0.00011084565420160786
2020-11-06,0.00011084565420160786
2020-11-09,0.00011084565420160786
2020-11-10,0.00011084565420160786
2020-11-11,0.00011084565420160786
2020-11-12,0.00011084565420160786
2020-11-13,0.00011084565420160786
2020-11-16,0.00011084565420160786
2020-11-17,0.00011084565420160786
2020-11-18,0.00011084565420160786
2020-11-19,0.00011084565420160786
2020-11-20,0.00011084565420160786
2020-11-23,0.00011084565420160786
2020-11-24,0.00011084565420160786
2020-11-25,0.00011084565420160786
2020-11-26,0.00011084565420160786
2020-11-27,0.00011084565420160786
2020-11-30,0.00011084565420160786
2020-12-01,0.00011485002378375242
2020-12-02,0.00011485002378375242
2020-12-03,0.00011485002378375242
2020-12-04,0.00011485002378375242
2020-12-07,0.00011485002378375242
2020-12-08,0.00011485002378375242
2020-12-09,0.00011485002378375242
2020-12-10,0.00011485002378375242
2020-12-11,0.00011485002378375242
2020-12-14,0.00011485002378375242
2020-12-15,0.00011485002378375242
2020-12-16,0.00011485002378375242
2020-12-17,0.00011485002378375242
2020-12-18,0.00011485002378375242
2020-12-21,0.00011485002378375242
2020-12-22,0.00011485002378375242
2020-12-23,0.00011485002378375242
2020-12-24,0.00011485002378375242
2020-12-25,0.00011485002378375242
2020-12-28,0.00011485002378375242
2020-12-29,0.00011485002378375242
2020-12-30,0.00011485002378375242
2020-12-31,0.00011485002378375242
2021-01-04,0.00010041609824584796
2021-01-05,0.00010041609824584796
2021-01-06,0.00010041609824584796
2021-01-07,0.00010041609824584796
2021-01-08,0.00010041609824584796
2021-01-11,0.00010041609824584796
2021-01-12,0.00010041609824584796
2021-01-13,0.00010041609824584796
2021-01-14,0.00010041609824584796
2021-01-15,0.00010041609824584796
2021-01-18,0.00010041609824584796
2021-01-19,0.00010041609824584796
2021-01-20,0.00010041609824584796
2021-01-21,0.00010041609824584796
2021-01-22,0.00010041609824584796
2021-01-25,0.00010041609824584796
2021-01-26,0.00010041609824584796
2021-01-27,0.00010041609824584796
2021-01-28,0.00010041609824584796
2021-01-29,0.00010041609824584796
2021-02-01,0.00010884201345828792
2021-02-02,0.00010884201345828792
2021-02-03,0.00010884201345828792
2021-02-04,0.00010884201345828792
2021-02-05,0.00010884201345828792
2021-02-08,0.00010884201345828792
2021-02-09,0.00010884201345828792
2021-02-10,0.00010884201345828792
2021-02-18,0.00010884201345828792
2021-02-19,0.00010884201345828792
2021-02-22,0.00010884201345828792
2021-02-23,0.00010884201345828792
2021-02-24,0.00010884201345828792
2021-02-25,0.00010884201345828792
2021-02-26,0.00010884201345828792
2021-03-01,0.0001056341663383531
2021-03-02,0.0001056341663383531
2021-03-03,0.0001056341663383531
2021-03-04,0.0001056341663383531
2021-03-05,0.0001056341663383531
2021-03-08,0.0001056341663383531
2021-03-09,0.0001056341663383531
2021-03-10,0.0001056341663383531
2021-03-11,0.0001056341663383531
2021-03-12,0.0001056341663383531
2021-03-15,0.0001056341663383531
2021-03-16,0.0001056341663383531
2021-03-17,0.0001056341663383531
2021-03-18,0.0001056341663383531
2021-03-19,0.0001056341663383531
2021-03-22,0.0001056341663383531
2021-03-23,0.0001056341663383531
2021-03-24,0.0001056341663383531
2021-03-25,0.0001056341663383531
2021-03-26,0.0001056341663383531
2021-03-29,0.0001056341663383531
2021-03-30,0.0001056341663383531
2021-03-31,0.0001056341663383531
2021-04-01,0.00010483181534737263
2021-04-02,0.00010483181534737263
2021-04-06,0.00010483181534737263
2021-04-07,0.00010483181534737263
2021-04-08,0.00010483181534737263
2021-04-09,0.00010483181534737263
2021-04-12,0.00010483181534737263
2021-04-13,0.00010483181534737263
2021-04-14,0.00010483181534737263
2021-04-15,0.00010483181534737263
2021-04-16,0.00010483181534737263
2021-04-19,0.00010483181534737263
2021-04-20,0.00010483181534737263
2021-04-21,0.00010483181534737263
2021-04-22,0.00010483181534737263
2021-04-23,0.00010483181534737263
2021-04-26,0.00010483181534737263
2021-04-27,0.00010483181534737263
2021-04-28,0.00010483181534737263
2021-04-29,0.00010483181534737263
2021-04-30,0.00010483181534737263
2021-05-06,9.599565792006715e-05
2021-05-07,9.599565792006715e-05
2021-05-10,9.599565792006715e-05
2021-05-11,9.599565792006715e-05
2021-05-12,9.599565792006715e-05
2021-05-13,9.599565792006715e-05
2021-05-14,9.599565792006715e-05
2021-05-17,9.599565792006715e-05
2021-05-18,9.599565792006715e-05
2021-05-19,9.599565792006715e-05
2021-05-20,9.599565792006715e-05
2021-05-21,9.599565792006715e-05
2021-05-24,9.599565792006715e-05
2021-05-25,9.599565792006715e-05
2021-05-26,9.599565792006715e-05
2021-05-27,9.599565792006715e-05
2021-05-28,9.599565792006715e-05
2021-05-31,9.599565792006715e-05
2021-06-01,9.800553514738297e-05
2021-06-02,9.800553514738297e-05
2021-06-03,9.800553514738297e-05
2021-06-04,9.800553514738297e-05
2021-06-07,9.800553514738297e-05
2021-06-08,9.800553514738297e-05
2021-06-09,9.800553514738297e-05
2021-06-10,9.800553514738297e-05
2021-06-11,9.800553514738297e-05
2021-06-15,9.800553514738297e-05
2021-06-16,9.800553514738297e-05
2021-06-17,9.800553514738297e-05
2021-06-18,9.800553514738297e-05
2021-06-21,9.800553514738297e-05
2021-06-22,9.800553514738297e-05
2021-06-23,9.800553514738297e-05
2021-06-24,9.800553514738297e-05
2021-06-25,9.800553514738297e-05
2021-06-28,9.800553514738297e-05
2021-06-29,9.800553514738297e-05
2021-06-30,9.800553514738297e-05
2021-07-01,9.880921242122476e-05
2021-07-02,9.880921242122476e-05
2021-07-05,9.880921242122476e-05
2021-07-06,9.880921242122476e-05
2021-07-07,9.880921242122476e-05
2021-07-08,9.880921242122476e-05
2021-07-09,9.880921242122476e-05
2021-07-12,9.880921242122476e-05
2021-07-13,9.880921242122476e-05
2021-07-14,9.880921242122476e-05
2021-07-15,9.880921242122476e-05
2021-07-16,9.880921242122476e-05
2021-07-19,9.880921242122476e-05
2021-07-20,9.880921242122476e-05
2021-07-21,9.880921242122476e-05
2021-07-22,9.880921242122476e-05
2021-07-23,9.880921242122476e-05
2021-07-26,9.880921242122476e-05
2021-07-27,9.880921242122476e-05
2021-07-28,9.880921242122476e-05
2021-07-29,9.880921242122476e-05
2021-07-30,9.880921242122476e-05
2021-08-02,8.673761170285843e-05
2021-08-03,8.673761170285843e-05
2021-08-04,8.673761170285843e-05
2021-08-05,8.673761170285843e-05
2021-08-06,8.673761170285843e-05
2021-08-09,8.673761170285843e-05
2021-08-10,8.673761170285843e-05
2021-08-11,8.673761170285843e-05
2021-08-12,8.673761170285843e-05
2021-08-13,8.673761170285843e-05
2021-08-16,8.673761170285843e-05
2021-08-17,8.673761170285843e-05
2021-08-18,8.673761170285843e-05
2021-08-19,8.673761170285843e-05
2021-08-20,8.673761170285843e-05
2021-08-23,8.673761170285843e-05
2021-08-24,8.673761170285843e-05
2021-08-25,8.673761170285843e-05
2021-08-26,8.673761170285843e-05
2021-08-27,8.673761170285843e-05
2021-08-30,8.673761170285843e-05
2021-08-31,8.673761170285843e-05
2021-09-01,9.398480272593268e-05
2021-09-02,9.398480272593268e-05
2021-09-03,9.398480272593268e-05
2021-09-06,9.398480272593268e-05
2021-09-07,9.398480272593268e-05
2021-09-08,9.398480272593268e-05
2021-09-09,9.398480272593268e-05
2021-09-10,9.398480272593268e-05
2021-09-13,9.398480272593268e-05
2021-09-14,9.398480272593268e-05
2021-09-15,9.398480272593268e-05
2021-09-16,9.398480272593268e-05
2021-09-17,9.398480272593268e-05
2021-09-22,9.398480272593268e-05
2021-09-23,9.398480272593268e-05
2021-09-24,9.398480272593268e-05
2021-09-27,9.398480272593268e-05
2021-09-28,9.398480272593268e-05
2021-09-29,9.398480272593268e-05
2021-09-30,9.398480272593268e-05
2021-10-08,9.47892622205071e-05
2021-10-11,9.47892622205071e-05
2021-10-12,9.47892622205071e-05
2021-10-13,9.47892622205071e-05
2021-10-14,9.47892622205071e-05
2021-10-15,9.47892622205071e-05
2021-10-18,9.47892622205071e-05
2021-10-19,9.47892622205071e-05
2021-10-20,9.47892622205071e-05
2021-10-21,9.47892622205071e-05
2021-10-22,9.47892622205071e-05
2021-10-25,9.47892622205071e-05
2021-10-26,9.47892622205071e-05
2021-10-27,9.47892622205071e-05
2021-10-28,9.47892622205071e-05
2021-10-29,9.47892622205071e-05
2021-11-01,9.398480272593268e-05
2021-11-02,9.398480272593268e-05
2021-11-03,9.398480272593268e-05
2021-11-04,9.398480272593268e-05
2021-11-05,9.398480272593268e-05
2021-11-08,9.398480272593268e-05
2021-11-09,9.398480272593268e-05
2021-11-10,9.398480272593268e-05
2021-11-11,9.398480272593268e-05
2021-11-12,9.398480272593268e-05
2021-11-15,9.398480272593268e-05
2021-11-16,9.398480272593268e-05
2021-11-17,9.398480272593268e-05
2021-11-18,9.398480272593268e-05
2021-11-19,9.398480272593268e-05
2021-11-22,9.398480272593268e-05
2021-11-23,9.398480272593268e-05
2021-11-24,9.398480272593268e-05
2021-11-25,9.398480272593268e-05
2021-11-26,9.398480272593268e-05
2021-11-29,9.398480272593268e-05
2021-11-30,9.398480272593268e-05
2021-12-01,9.157048423369396e-05
2021-12-02,9.157048423369396e-05
2021-12-03,9.157048423369396e-05
2021-12-06,9.157048423369396e-05
2021-12-07,9.157048423369396e-05
2021-12-08,9.157048423369396e-05
2021-12-09,9.157048423369396e-05
2021-12-10,9.157048423369396e-05
2021-12-13,9.157048423369396e-05
2021-12-14,9.157048423369396e-05
2021-12-15,9.157048423369396e-05
2021-12-16,9.157048423369396e-05
2021-12-17,9.157048423369396e-05
2021-12-20,9.157048423369396e-05
2021-12-21,9.157048423369396e-05
2021-12-22,9.157048423369396e-05
2021-12-23,9.157048423369396e-05
2021-12-24,9.157048423369396e-05
2021-12-27,9.157048423369396e-05
2021-12-28,9.157048423369396e-05
2021-12-29,9.157048423369396e-05
2021-12-30,9.157048423369396e-05
2021-12-31,9.157048423369396e-05
2022-01-04,9.116796065344879e-05
2022-01-05,9.116796065344879e-05
2022-01-06,9.116796065344879e-05
2022-01-07,9.116796065344879e-05
2022-01-10,9.116796065344879e-05
2022-01-11,9.116796065344879e-05
2022-01-12,9.116796065344879e-05
2022-01-13,9.116796065344879e-05
2022-01-14,9.116796065344879e-05
2022-01-17,9.116796065344879e-05
2022-01-18,9.116796065344879e-05
2022-01-19,9.116796065344879e-05
2022-01-20,9.116796065344879e-05
2022-01-21,9.116796065344879e-05
2022-01-24,9.116796065344879e-05
2022-01-25,9.116796065344879e-05
2022-01-26,9.116796065344879e-05
2022-01-27,9.116796065344879e-05
2022-01-28,9.116796065344879e-05
2022-02-07,7.947768918170617e-05
2022-02-08,7.947768918170617e-05
2022-02-09,7.947768918170617e-05
2022-02-10,7.947768918170617e-05
2022-02-11,7.947768918170617e-05
2022-02-14,7.947768918170617e-05
2022-02-15,7.947768918170617e-05
2022-02-16,7.947768918170617e-05
2022-02-17,7.947768918170617e-05
2022-02-18,7.947768918170617e-05
2022-02-21,7.947768918170617e-05
2022-02-22,7.947768918170617e-05
2022-02-23,7.947768918170617e-05
2022-02-24,7.947768918170617e-05
2022-02-25,7.947768918170617e-05
2022-02-28,7.947768918170617e-05
2022-03-01,8.310924468046821e-05
2022-03-02,8.310924468046821e-05
2022-03-03,8.310924468046821e-05
2022-03-04,8.310924468046821e-05
2022-03-07,8.310924468046821e-05
2022-03-08,8.310924468046821e-05
2022-03-09,8.310924468046821e-05
2022-03-10,8.310924468046821e-05
2022-03-11,8.310924468046821e-05
2022-03-14,8.310924468046821e-05
2022-03-15,8.310924468046821e-05
2022-03-16,8.310924468046821e-05
2022-03-17,8.310924468046821e-05
2022-03-18,8.310924468046821e-05
2022-03-21,8.310924468046821e-05
2022-03-22,8.310924468046821e-05
2022-03-23,8.310924468046821e-05
2022-03-24,8.310924468046821e-05
2022-03-25,8.310924468046821e-05
2022-03-28,8.310924468046821e-05
2022-03-29,8.310924468046821e-05
2022-03-30,8.310924468046821e-05
2022-03-31,8.310924468046821e-05
2022-04-01,8.673761170285843e-05
2022-04-06,8.673761170285843e-05
2022-04-07,8.673761170285843e-05
2022-04-08,8.673761170285843e-05
2022-04-11,8.673761170285843e-05
2022-04-12,8.673761170285843e-05
2022-04-13,8.673761170285843e-05
2022-04-14,8.673761170285843e-05
2022-04-15,8.673761170285843e-05
2022-04-18,8.673761170285843e-05
2022-04-19,8.673761170285843e-05
2022-04-20,8.673761170285843e-05
2022-04-21,8.673761170285843e-05
2022-04-22,8.673761170285843e-05
2022-04-25,8.673761170285843e-05
2022-04-26,8.673761170285843e-05
2022-04-27,8.673761170285843e-05
2022-04-28,8.673761170285843e-05
2022-04-29,8.673761170285843e-05
2022-05-05,8.270589607217715e-05
2022-05-06,8.270589607217715e-05
2022-05-09,8.270589607217715e-05
2022-05-10,8.270589607217715e-05
2022-05-11,8.270589607217715e-05
2022-05-12,8.270589607217715e-05
2022-05-13,8.270589607217715e-05
2022-05-16,8.270589607217715e-05
2022-05-17,8.270589607217715e-05
2022-05-18,8.270589607217715e-05
2022-05-19,8.270589607217715e-05
2022-05-20,8.270589607217715e-05
2022-05-23,8.270589607217715e-05
2022-05-24,8.270589607217715e-05
2022-05-25,8.270589607217715e-05
2022-05-26,8.270589607217715e-05
2022-05-27,8.270589607217715e-05
2022-05-30,8.270589607217715e-05
2022-05-31,8.270589607217715e-05
2022-06-01,7.826646116071423e-05
2022-06-02,7.826646116071423e-05
2022-06-06,7.826646116071423e-05
2022-06-07,7.826646116071423e-05
2022-06-08,7.826646116071423e-05
2022-06-09,7.826646116071423e-05
2022-06-10,7.826646116071423e-05
2022-06-13,7.826646116071423e-05
2022-06-14,7.826646116071423e-05
2022-06-15,7.826646116071423e-05
2022-06-16,7.826646116071423e-05
2022-06-17,7.826646116071423e-05
2022-06-20,7.826646116071423e-05
2022-06-21,7.826646116071423e-05
2022-06-22,7.826646116071423e-05
2022-06-23,7.826646116071423e-05
2022-06-24,7.826646116071423e-05
2022-06-27,7.826646116071423e-05
2022-06-28,7.826646116071423e-05
2022-06-29,7.826646116071423e-05
2022-06-30,7.826646116071423e-05
2022-07-01,7.947768918170617e-05
2022-07-04,7.947768918170617e-05
2022-07-05,7.947768918170617e-05
2022-07-06,7.947768918170617e-05
2022-07-07,7.947768918170617e-05
2022-07-08,7.947768918170617e-05
2022-07-11,7.947768918170617e-05
2022-07-12,7.947768918170617e-05
2022-07-13,7.947768918170617e-05
2022-07-14,7.947768918170617e-05
2022-07-15,7.947768918170617e-05
2022-07-18,7.947768918170617e-05
2022-07-19,7.947768918170617e-05
2022-07-20,7.947768918170617e-05
2022-07-21,7.947768918170617e-05
2022-07-22,7.947768918170617e-05
2022-07-25,7.947768918170617e-05
2022-07-26,7.947768918170617e-05
2022-07-27,7.947768918170617e-05
2022-07-28,7.947768918170617e-05
2022-07-29,7.947768918170617e-05
2022-08-01,7.584293958617927e-05
2022-08-02,7.584293958617927e-05
2022-08-03,7.584293958617927e-05
2022-08-04,7.584293958617927e-05
2022-08-05,7.584293958617927e-05
2022-08-08,7.584293958617927e-05
2022-08-09,7.584293958617927e-05
2022-08-10,7.584293958617927e-05
2022-08-11,7.584293958617927e-05
2022-08-12,7.584293958617927e-05
2022-08-15,7.584293958617927e-05
2022-08-16,7.584293958617927e-05
2022-08-17,7.584293958617927e-05
2022-08-18,7.584293958617927e-05
2022-08-19,7.584293958617927e-05
2022-08-22,7.584293958617927e-05
2022-08-23,7.584293958617927e-05
2022-08-24,7.584293958617927e-05
2022-08-25,7.584293958617927e-05
2022-08-26,7.584293958617927e-05
2022-08-29,7.584293958617927e-05
2022-08-30,7.584293958617927e-05
2022-08-31,7.584293958617927e-05
2022-09-01,7.099162845514151e-05
2022-09-02,7.099162845514151e-05
2022-09-05,7.099162845514151e-05
2022-09-06,7.099162845514151e-05
2022-09-07,7.099162845514151e-05
2022-09-08,7.099162845514151e-05
2022-09-09,7.099162845514151e-05
2022-09-13,7.099162845514151e-05
2022-09-14,7.099162845514151e-05
2022-09-15,7.099162845514151e-05
2022-09-16,7.099162845514151e-05
2022-09-19,7.099162845514151e-05
2022-09-20,7.099162845514151e-05
2022-09-21,7.099162845514151e-05
2022-09-22,7.099162845514151e-05
2022-09-23,7.099162845514151e-05
2022-09-26,7.099162845514151e-05
2022-09-27,7.099162845514151e-05
2022-09-28,7.099162845514151e-05
2022-09-29,7.099162845514151e-05
2022-09-30,7.099162845514151e-05
2022-10-10,7.543888110883579e-05
2022-10-11,7.543888110883579e-05
2022-10-12,7.543888110883579e-05
2022-10-13,7.543888110883579e-05
2022-10-14,7.543888110883579e-05
2022-10-17,7.543888110883579e-05
2022-10-18,7.543888110883579e-05
2022-10-19,7.543888110883579e-05
2022-10-20,7.543888110883579e-05
2022-10-21,7.543888110883579e-05
2022-10-24,7.543888110883579e-05
2022-10-25,7.543888110883579e-05
2022-10-26,7.543888110883579e-05
2022-10-27,7.543888110883579e-05
2022-10-28,7.543888110883579e-05
2022-10-31,7.543888110883579e-05
2022-11-01,7.058709533924734e-05
2022-11-02,7.058709533924734e-05
2022-11-03,7.058709533924734e-05
2022-11-04,7.058709533924734e-05
2022-11-07,7.058709533924734e-05
2022-11-08,7.058709533924734e-05
2022-11-09,7.058709533924734e-05
2022-11-10,7.058709533924734e-05
2022-11-11,7.058709533924734e-05
2022-11-14,7.058709533924734e-05
2022-11-15,7.058709533924734e-05
2022-11-16,7.058709533924734e-05
2022-11-17,7.058709533924734e-05
2022-11-18,7.058709533924734e-05
2022-11-21,7.058709533924734e-05
2022-11-22,7.058709533924734e-05
2022-11-23,7.058709533924734e-05
2022-11-24,7.058709533924734e-05
2022-11-25,7.058709533924734e-05
2022-11-28,7.058709533924734e-05
2022-11-29,7.058709533924734e-05
2022-11-30,7.058709533924734e-05
2022-12-01,8.673761170285843e-05
2022-12-02,8.673761170285843e-05
2022-12-05,8.673761170285843e-05
2022-12-06,8.673761170285843e-05
2022-12-07,8.673761170285843e-05
2022-12-08,8.673761170285843e-05
2022-12-09,8.673761170285843e-05
2022-12-12,8.673761170285843e-05
2022-12-13,8.673761170285843e-05
2022-12-14,8.673761170285843e-05
2022-12-15,8.673761170285843e-05
2022-12-16,8.673761170285843e-05
2022-12-19,8.673761170285843e-05
2022-12-20,8.673761170285843e-05
2022-12-21,8.673761170285843e-05
2022-12-22,8.673761170285843e-05
2022-12-23,8.673761170285843e-05
2022-12-26,8.673761170285843e-05
2022-12-27,8.673761170285843e-05
2022-12-28,8.673761170285843e-05
2022-12-29,8.673761170285843e-05
2022-12-30,8.673761170285843e-05
2023-01-03,8.552850995746653e-05
2023-01-04,8.552850995746653e-05
2023-01-05,8.552850995746653e-05
2023-01-06,8.552850995746653e-05
2023-01-09,8.552850995746653e-05
2023-01-10,8.552850995746653e-05
2023-01-11,8.552850995746653e-05
2023-01-12,8.552850995746653e-05
2023-01-13,8.552850995746653e-05
2023-01-16,8.552850995746653e-05
2023-01-17,8.552850995746653e-05
2023-01-18,8.552850995746653e-05
2023-01-19,8.552850995746653e-05
2023-01-20,8.552850995746653e-05
2023-01-30,8.552850995746653e-05
2023-01-31,8.552850995746653e-05
2023-02-01,8.754348304673698e-05
2023-02-02,8.754348304673698e-05
2023-02-03,8.754348304673698e-05
2023-02-06,8.754348304673698e-05
2023-02-07,8.754348304673698e-05
2023-02-08,8.754348304673698e-05
2023-02-09,8.754348304673698e-05
2023-02-10,8.754348304673698e-05
2023-02-13,8.754348304673698e-05
2023-02-14,8.754348304673698e-05
2023-02-15,8.754348304673698e-05
2023-02-16,8.754348304673698e-05
2023-02-17,8.754348304673698e-05
2023-02-20,8.754348304673698e-05
2023-02-21,8.754348304673698e-05
2023-02-22,8.754348304673698e-05
2023-02-23,8.754348304673698e-05
2023-02-24,8.754348304673698e-05
2023-02-27,8.754348304673698e-05
2023-02-28,8.754348304673698e-05
2023-03-01,9.47892622205071e-05
2023-03-02,9.47892622205071e-05
2023-03-03,9.47892622205071e-05
2023-03-06,9.47892622205071e-05
2023-03-07,9.47892622205071e-05
2023-03-08,9.47892622205071e-05
2023-03-09,9.47892622205071e-05
2023-03-10,9.47892622205071e-05
2023-03-13,9.47892622205071e-05
2023-03-14,9.47892622205071e-05
2023-03-15,9.47892622205071e-05
2023-03-16,9.47892622205071e-05
2023-03-17,9.47892622205071e-05
2023-03-20,9.47892622205071e-05
2023-03-21,9.47892622205071e-05
2023-03-22,9.47892622205071e-05
2023-03-23,9.47892622205071e-05
2023-03-24,9.47892622205071e-05
2023-03-27,9.47892622205071e-05
2023-03-28,9.47892622205071e-05
2023-03-29,9.47892622205071e-05
2023-03-30,9.47892622205071e-05
2023-03-31,9.47892622205071e-05
2023-04-03,9.076539786301296e-05
2023-04-04,9.076539786301296e-05
2023-04-06,9.076539786301296e-05
2023-04-07,9.076539786301296e-05
2023-04-10,9.076539786301296e-05
2023-04-11,9.076539786301296e-05
2023-04-12,9.076539786301296e-05
2023-04-13,9.076539786301296e-05
2023-04-14,9.076539786301296e-05
2023-04-17,9.076539786301296e-05
2023-04-18,9.076539786301296e-05
2023-04-19,9.076539786301296e-05
2023-04-20,9.076539786301296e-05
2023-04-21,9.076539786301296e-05
2023-04-24,9.076539786301296e-05
2023-04-25,9.076539786301296e-05
2023-04-26,9.076539786301296e-05
2023-04-27,9.076539786301296e-05
2023-04-28,9.076539786301296e-05
2023-05-04,8.754348304673698e-05
2023-05-05,8.754348304673698e-05
2023-05-08,8.754348304673698e-05
2023-05-09,8.754348304673698e-05
2023-05-10,8.754348304673698e-05
2023-05-11,8.754348304673698e-05
2023-05-12,8.754348304673698e-05
2023-05-15,8.754348304673698e-05
2023-05-16,8.754348304673698e-05
2023-05-17,8.754348304673698e-05
2023-05-18,8.754348304673698e-05
2023-05-19,8.754348304673698e-05
2023-05-22,8.754348304673698e-05
2023-05-23,8.754348304673698e-05
2023-05-24,8.754348304673698e-05
2023-05-25,8.754348304673698e-05
2023-05-26,8.754348304673698e-05
2023-05-29,8.754348304673698e-05
2023-05-30,8.754348304673698e-05
2023-05-31,8.754348304673698e-05
2023-06-01,8.06885623030329e-05
2023-06-02,8.06885623030329e-05
2023-06-05,8.06885623030329e-05
2023-06-06,8.06885623030329e-05
2023-06-07,8.06885623030329e-05
2023-06-08,8.06885623030329e-05
2023-06-09,8.06885623030329e-05
2023-06-12,8.06885623030329e-05
2023-06-13,8.06885623030329e-05
2023-06-14,8.06885623030329e-05
2023-06-15,8.06885623030329e-05
2023-06-16,8.06885623030329e-05
2023-06-19,8.06885623030329e-05
2023-06-20,8.06885623030329e-05
2023-06-21,8.06885623030329e-05
2023-06-26,8.06885623030329e-05
2023-06-27,8.06885623030329e-05
2023-06-28,8.06885623030329e-05
2023-06-29,8.06885623030329e-05
2023-06-30,8.06885623030329e-05
2023-07-03,7.624695856067731e-05
2023-07-04,7.624695856067731e-05
2023-07-05,7.624695856067731e-05
2023-07-06,7.624695856067731e-05
2023-07-07,7.624695856067731e-05
2023-07-10,7.624695856067731e-05
2023-07-11,7.624695856067731e-05
2023-07-12,7.624695856067731e-05
2023-07-13,7.624695856067731e-05
2023-07-14,7.624695856067731e-05
2023-07-17,7.624695856067731e-05
2023-07-18,7.624695856067731e-05
2023-07-19,7.624695856067731e-05
2023-07-20,7.624695856067731e-05
2023-07-21,7.624695856067731e-05
2023-07-24,7.624695856067731e-05
2023-07-25,7.624695856067731e-05
2023-07-26,7.624695856067731e-05
2023-07-27,7.624695856067731e-05
2023-07-28,7.624695856067731e-05
2023-07-31,7.624695856067731e-05
2023-08-01,7.382225201646442e-05
2023-08-02,7.382225201646442e-05
2023-08-03,7.382225201646442e-05
2023-08-04,7.382225201646442e-05
2023-08-07,7.382225201646442e-05
2023-08-08,7.382225201646442e-05
2023-08-09,7.382225201646442e-05
2023-08-10,7.382225201646442e-05
2023-08-11,7.382225201646442e-05
2023-08-14,7.382225201646442e-05
2023-08-15,7.382225201646442e-05
2023-08-16,7.382225201646442e-05
2023-08-17,7.382225201646442e-05
2023-08-18,7.382225201646442e-05
2023-08-21,7.382225201646442e-05
2023-08-22,7.382225201646442e-05
2023-08-23,7.382225201646442e-05
2023-08-24,7.382225201646442e-05
2023-08-25,7.382225201646442e-05
2023-08-28,7.382225201646442e-05
2023-08-29,7.382225201646442e-05
2023-08-30,7.382225201646442e-05
2023-08-31,7.382225201646442e-05
2023-09-01,7.78626395845361e-05
2023-09-04,7.78626395845361e-05
2023-09-05,7.78626395845361e-05
2023-09-06,7.78626395845361e-05
2023-09-07,7.78626395845361e-05
2023-09-08,7.78626395845361e-05
2023-09-11,7.78626395845361e-05
2023-09-12,7.78626395845361e-05
2023-09-13,7.78626395845361e-05
2023-09-14,7.78626395845361e-05
2023-09-15,7.78626395845361e-05
2023-09-18,7.78626395845361e-05
2023-09-19,7.78626395845361e-05
2023-09-20,7.78626395845361e-05
2023-09-21,7.78626395845361e-05
2023-09-22,7.78626395845361e-05
2023-09-25,7.78626395845361e-05
2023-09-26,7.78626395845361e-05
2023-09-27,7.78626395845361e-05
2023-09-28,7.78626395845361e-05
2023-10-09,8.83491972734074e-05
2023-10-10,8.83491972734074e-05
2023-10-11,8.83491972734074e-05
2023-10-12,8.83491972734074e-05
2023-10-13,8.83491972734074e-05
2023-10-16,8.83491972734074e-05
2023-10-17,8.83491972734074e-05
2023-10-18,8.83491972734074e-05
2023-10-19,8.83491972734074e-05
2023-10-20,8.83491972734074e-05
2023-10-23,8.83491972734074e-05
2023-10-24,8.83491972734074e-05
2023-10-25,8.83491972734074e-05
2023-10-26,8.83491972734074e-05
2023-10-27,8.83491972734074e-05
2023-10-30,8.83491972734074e-05
2023-10-31,8.83491972734074e-05
2023-11-01,8.996015462026108e-05
2023-11-02,8.996015462026108e-05
2023-11-03,8.996015462026108e-05
2023-11-06,8.996015462026108e-05
2023-11-07,8.996015462026108e-05
2023-11-08,8.996015462026108e-05
2023-11-09,8.996015462026108e-05
2023-11-10,8.996015462026108e-05
2023-11-13,8.996015462026108e-05
2023-11-14,8.996015462026108e-05
2023-11-15,8.996015462026108e-05
2023-11-16,8.996015462026108e-05
2023-11-17,8.996015462026108e-05
2023-11-20,8.996015462026108e-05
2023-11-21,8.996015462026108e-05
2023-11-22,8.996015462026108e-05
2023-11-23,8.996015462026108e-05
2023-11-24,8.996015462026108e-05
2023-11-27,8.996015462026108e-05
2023-11-28,8.996015462026108e-05
2023-11-29,8.996015462026108e-05
2023-11-30,8.996015462026108e-05
2023-12-01,9.519143325187329e-05
2023-12-04,9.519143325187329e-05
2023-12-05,9.519143325187329e-05
2023-12-06,9.519143325187329e-05
2023-12-07,9.519143325187329e-05
2023-12-08,9.519143325187329e-05
2023-12-11,9.519143325187329e-05
2023-12-12,9.519143325187329e-05
2023-12-13,9.519143325187329e-05
2023-12-14,9.519143325187329e-05
2023-12-15,9.519143325187329e-05
2023-12-18,9.519143325187329e-05
2023-12-19,9.519143325187329e-05
2023-12-20,9.519143325187329e-05
2023-12-21,9.519143325187329e-05
2023-12-22,9.519143325187329e-05
2023-12-25,9.519143325187329e-05
2023-12-26,9.519143325187329e-05
2023-12-27,9.519143325187329e-05
2023-12-28,9.519143325187329e-05
2023-12-29,9.519143325187329e-05
2024-01-02,8.472224555133856e-05
2024-01-03,8.472224555133856e-05
2024-01-04,8.472224555133856e-05
2024-01-05,8.472224555133856e-05
2024-01-08,8.472224555133856e-05
2024-01-09,8.472224555133856e-05
2024-01-10,8.472224555133856e-05
2024-01-11,8.472224555133856e-05
2024-01-12,8.472224555133856e-05
2024-01-15,8.472224555133856e-05
2024-01-16,8.472224555133856e-05
2024-01-17,8.472224555133856e-05
2024-01-18,8.472224555133856e-05
2024-01-19,8.472224555133856e-05
2024-01-22,8.472224555133856e-05
2024-01-23,8.472224555133856e-05
2024-01-24,8.472224555133856e-05
2024-01-25,8.472224555133856e-05
2024-01-26,8.472224555133856e-05
2024-01-29,8.472224555133856e-05
2024-01-30,8.472224555133856e-05
2024-01-31,8.472224555133856e-05
2024-02-01,7.665093803987943e-05
2024-02-02,7.665093803987943e-05
2024-02-05,7.665093803987943e-05
2024-02-06,7.665093803987943e-05
2024-02-07,7.665093803987943e-05
2024-02-08,7.665093803987943e-05
2024-02-19,7.665093803987943e-05
2024-02-20,7.665093803987943e-05
2024-02-21,7.665093803987943e-05
2024-02-22,7.665093803987943e-05
2024-02-23,7.665093803987943e-05
2024-02-26,7.665093803987943e-05
2024-02-27,7.665093803987943e-05
2024-02-28,7.665093803987943e-05
2024-02-29,7.665093803987943e-05
2024-03-01,7.301370025181164e-05
2024-03-04,7.301370025181164e-05
2024-03-05,7.301370025181164e-05
2024-03-06,7.301370025181164e-05
2024-03-07,7.301370025181164e-05
2024-03-08,7.301370025181164e-05
2024-03-11,7.301370025181164e-05
2024-03-12,7.301370025181164e-05
2024-03-13,7.301370025181164e-05
2024-03-14,7.301370025181164e-05
2024-03-15,7.301370025181164e-05
2024-03-18,7.301370025181164e-05
2024-03-19,7.301370025181164e-05
2024-03-20,7.301370025181164e-05
2024-03-21,7.301370025181164e-05
2024-03-22,7.301370025181164e-05
2024-03-25,7.301370025181164e-05
2024-03-26,7.301370025181164e-05
2024-03-27,7.301370025181164e-05
2024-03-28,7.301370025181164e-05
2024-03-29,7.301370025181164e-05
2024-04-01,7.018252261969948e-05
2024-04-02,7.018252261969948e-05
2024-04-03,7.018252261969948e-05
2024-04-08,7.018252261969948e-05
2024-04-09,7.018252261969948e-05
2024-04-10,7.018252261969948e-05
2024-04-11,7.018252261969948e-05
2024-04-12,7.018252261969948e-05
2024-04-15,7.018252261969948e-05
2024-04-16,7.018252261969948e-05
2024-04-17,7.018252261969948e-05
2024-04-18,7.018252261969948e-05
2024-04-19,7.018252261969948e-05
2024-04-22,7.018252261969948e-05
2024-04-23,7.018252261969948e-05
2024-04-24,7.018252261969948e-05
2024-04-25,7.018252261969948e-05
2024-04-26,7.018252261969948e-05
2024-04-29,7.018252261969948e-05
2024-04-30,7.018252261969948e-05
2024-05-06,6.896856676119612e-05
2024-05-07,6.896856676119612e-05
2024-05-08,6.896856676119612e-05
2024-05-09,6.896856676119612e-05
2024-05-10,6.896856676119612e-05
2024-05-13,6.896856676119612e-05
2024-05-14,6.896856676119612e-05
2024-05-15,6.896856676119612e-05
2024-05-16,6.896856676119612e-05
2024-05-17,6.896856676119612e-05
2024-05-20,6.896856676119612e-05
2024-05-21,6.896856676119612e-05
2024-05-22,6.896856676119612e-05
2024-05-23,6.896856676119612e-05
2024-05-24,6.896856676119612e-05
2024-05-27,6.896856676119612e-05
2024-05-28,6.896856676119612e-05
2024-05-29,6.896856676119612e-05
2024-05-30,6.896856676119612e-05
2024-05-31,6.896856676119612e-05
2024-06-03,6.694451419786418e-05
2024-06-04,6.694451419786418e-05
2024-06-05,6.694451419786418e-05
2024-06-06,6.694451419786418e-05
2024-06-07,6.694451419786418e-05
2024-06-11,6.694451419786418e-05
2024-06-12,6.694451419786418e-05
2024-06-13,6.694451419786418e-05
2024-06-14,6.694451419786418e-05
2024-06-17,6.694451419786418e-05
2024-06-18,6.694451419786418e-05
2024-06-19,6.694451419786418e-05
2024-06-20,6.694451419786418e-05
2024-06-21,6.694451419786418e-05
2024-06-24,6.694451419786418e-05
2024-06-25,6.694451419786418e-05
2024-06-26,6.694451419786418e-05
2024-06-27,6.694451419786418e-05
2024-06-28,6.694451419786418e-05
2024-07-01,6.289343256971058e-05
2024-07-02,6.289343256971058e-05
2024-07-03,6.289343256971058e-05
2024-07-04,6.289343256971058e-05
2024-07-05,6.289343256971058e-05
2024-07-08,6.289343256971058e-05
2024-07-09,6.289343256971058e-05
2024-07-10,6.289343256971058e-05
2024-07-11,6.289343256971058e-05
2024-07-12,6.289343256971058e-05
2024-07-15,6.289343256971058e-05
2024-07-16,6.289343256971058e-05
2024-07-17,6.289343256971058e-05
2024-07-18,6.289343256971058e-05
2024-07-19,6.289343256971058e-05
2024-07-22,6.289343256971058e-05
2024-07-23,6.289343256971058e-05
2024-07-24,6.289343256971058e-05
2024-07-25,6.289343256971058e-05
2024-07-26,6.289343256971058e-05
2024-07-29,6.289343256971058e-05
2024-07-30,6.289343256971058e-05
2024-07-31,6.289343256971058e-05
2024-08-01,5.802688669942491e-05
2024-08-02,5.802688669942491e-05
2024-08-05,5.802688669942491e-05
2024-08-06,5.802688669942491e-05
2024-08-07,5.802688669942491e-05
2024-08-08,5.802688669942491e-05
2024-08-09,5.802688669942491e-05
2024-08-12,5.802688669942491e-05
2024-08-13,5.802688669942491e-05
2024-08-14,5.802688669942491e-05
2024-08-15,5.802688669942491e-05
2024-08-16,5.802688669942491e-05
2024-08-19,5.802688669942491e-05
2024-08-20,5.802688669942491e-05
2024-08-21,5.802688669942491e-05
2024-08-22,5.802688669942491e-05
2024-08-23,5.802688669942491e-05
2024-08-26,5.802688669942491e-05
2024-08-27,5.802688669942491e-05
2024-08-28,5.802688669942491e-05
2024-08-29,5.802688669942491e-05
2024-08-30,5.802688669942491e-05
2024-09-02,6.086640155444911e-05
2024-09-03,6.086640155444911e-05
2024-09-04,6.086640155444911e-05
2024-09-05,6.086640155444911e-05
2024-09-06,6.086640155444911e-05
2024-09-09,6.086640155444911e-05
2024-09-10,6.086640155444911e-05
2024-09-11,6.086640155444911e-05
2024-09-12,6.086640155444911e-05
2024-09-13,6.086640155444911e-05
2024-09-18,6.086640155444911e-05
2024-09-19,6.086640155444911e-05
2024-09-20,6.086640155444911e-05
2024-09-23,6.086640155444911e-05
2024-09-24,6.086640155444911e-05
2024-09-25,6.086640155444911e-05
2024-09-26,6.086640155444911e-05
2024-09-27,6.086640155444911e-05
2024-09-30,6.086640155444911e-05
2024-10-08,5.599746659057381e-05
2024-10-09,5.599746659057381e-05
2024-10-10,5.599746659057381e-05
2024-10-11,5.599746659057381e-05
2024-10-14,5.599746659057381e-05
2024-10-15,5.599746659057381e-05
2024-10-16,5.599746659057381e-05
2024-10-17,5.599746659057381e-05
2024-10-18,5.599746659057381e-05
2024-10-21,5.599746659057381e-05
2024-10-22,5.599746659057381e-05
2024-10-23,5.599746659057381e-05
2024-10-24,5.599746659057381e-05
2024-10-25,5.599746659057381e-05
2024-10-28,5.599746659057381e-05
2024-10-29,5.599746659057381e-05
2024-10-30,5.599746659057381e-05
2024-10-31,5.599746659057381e-05
2024-11-01,5.8432651153017545e-05
2024-11-04,5.8432651153017545e-05
2024-11-05,5.8432651153017545e-05
2024-11-06,5.8432651153017545e-05
2024-11-07,5.8432651153017545e-05
2024-11-08,5.8432651153017545e-05
2024-11-11,5.8432651153017545e-05
2024-11-12,5.8432651153017545e-05
2024-11-13,5.8432651153017545e-05
2024-11-14,5.8432651153017545e-05
2024-11-15,5.8432651153017545e-05
2024-11-18,5.8432651153017545e-05
2024-11-19,5.8432651153017545e-05
2024-11-20,5.8432651153017545e-05
2024-11-21,5.8432651153017545e-05
2024-11-22,5.8432651153017545e-05
2024-11-25,5.8432651153017545e-05
2024-11-26,5.8432651153017545e-05
2024-11-27,5.8432651153017545e-05
2024-11-28,5.8432651153017545e-05
2024-11-29,5.8432651153017545e-05
2024-12-02,5.599746659057381e-05
2024-12-03,5.599746659057381e-05
2024-12-04,5.599746659057381e-05
2024-12-05,5.599746659057381e-05
2024-12-06,5.599746659057381e-05
2024-12-09,5.599746659057381e-05
2024-12-10,5.599746659057381e-05
2024-12-11,5.599746659057381e-05
2024-12-12,5.599746659057381e-05
2024-12-13,5.599746659057381e-05
2024-12-16,5.599746659057381e-05
2024-12-17,5.599746659057381e-05
2024-12-18,5.599746659057381e-05
2024-12-19,5.599746659057381e-05
2024-12-20,5.599746659057381e-05
2024-12-23,5.599746659057381e-05
2024-12-24,5.599746659057381e-05
2024-12-25,5.599746659057381e-05
2024-12-26,5.599746659057381e-05
2024-12-27,5.599746659057381e-05
2024-12-30,5.599746659057381e-05
2024-12-31,5.599746659057381e-05
2025-01-02,4.4207135674101394e-05
2025-01-03,4.4207135674101394e-05
2025-01-06,4.4207135674101394e-05
2025-01-07,4.4207135674101394e-05
2025-01-08,4.4207135674101394e-05
2025-01-09,4.4207135674101394e-05
2025-01-10,4.4207135674101394e-05
2025-01-13,4.4207135674101394e-05
2025-01-14,4.4207135674101394e-05
2025-01-15,4.4207135674101394e-05
2025-01-16,4.4207135674101394e-05
2025-01-17,4.4207135674101394e-05
2025-01-20,4.4207135674101394e-05
2025-01-21,4.4207135674101394e-05
2025-01-22,4.4207135674101394e-05
2025-01-23,4.4207135674101394e-05
2025-01-24,4.4207135674101394e-05
2025-01-27,4.4207135674101394e-05
2025-02-05,5.315460305310715e-05
2025-02-06,5.315460305310715e-05
2025-02-07,5.315460305310715e-05
2025-02-10,5.315460305310715e-05
2025-02-11,5.315460305310715e-05
2025-02-12,5.315460305310715e-05
2025-02-13,5.315460305310715e-05
2025-02-14,5.315460305310715e-05
2025-02-17,5.315460305310715e-05
2025-02-18,5.315460305310715e-05
2025-02-19,5.315460305310715e-05
2025-02-20,5.315460305310715e-05
2025-02-21,5.315460305310715e-05
2025-02-24,5.315460305310715e-05
2025-02-25,5.315460305310715e-05
2025-02-26,5.315460305310715e-05
2025-02-27,5.315460305310715e-05
2025-02-28,5.315460305310715e-05
2025-03-03,5.964970551808335e-05
2025-03-04,5.964970551808335e-05
2025-03-05,5.964970551808335e-05
2025-03-06,5.964970551808335e-05
2025-03-07,5.964970551808335e-05
2025-03-10,5.964970551808335e-05
2025-03-11,5.964970551808335e-05
2025-03-12,5.964970551808335e-05
2025-03-13,5.964970551808335e-05
2025-03-14,5.964970551808335e-05
2025-03-17,5.964970551808335e-05
2025-03-18,5.964970551808335e-05
2025-03-19,5.964970551808335e-05
2025-03-20,5.964970551808335e-05
2025-03-21,5.964970551808335e-05
2025-03-24,5.964970551808335e-05
2025-03-25,5.964970551808335e-05
2025-03-26,5.964970551808335e-05
2025-03-27,5.964970551808335e-05
2025-03-28,5.964970551808335e-05
2025-03-31,5.964970551808335e-05
2025-04-01,6.289343256971058e-05
2025-04-02,6.289343256971058e-05
2025-04-03,6.289343256971058e-05
2025-04-07,6.289343256971058e-05
2025-04-08,6.289343256971058e-05
2025-04-09,6.289343256971058e-05
2025-04-10,6.289343256971058e-05
2025-04-11,6.289343256971058e-05
2025-04-14,6.289343256971058e-05
2025-04-15,6.289343256971058e-05
2025-04-16,6.289343256971058e-05
2025-04-17,6.289343256971058e-05
2025-04-18,6.289343256971058e-05
2025-04-21,6.289343256971058e-05
2025-04-22,6.289343256971058e-05
2025-04-23,6.289343256971058e-05
2025-04-24,6.289343256971058e-05
2025-04-25,6.289343256971058e-05
2025-04-28,6.289343256971058e-05
2025-04-29,6.289343256971058e-05
2025-04-30,6.289343256971058e-05
2025-05-06,5.964970551808335e-05
2025-05-07,5.964970551808335e-05
2025-05-08,5.964970551808335e-05
2025-05-09,5.964970551808335e-05
2025-05-12,5.964970551808335e-05
2025-05-13,5.964970551808335e-05
2025-05-14,5.964970551808335e-05
2025-05-15,5.964970551808335e-05
2025-05-16,5.964970551808335e-05
2025-05-19,5.964970551808335e-05
2025-05-20,5.964970551808335e-05
2025-05-21,5.964970551808335e-05
2025-05-22,5.964970551808335e-05
2025-05-23,5.964970551808335e-05
2025-05-26,5.964970551808335e-05
2025-05-27,5.964970551808335e-05
2025-05-28,5.964970551808335e-05
2025-05-29,5.964970551808335e-05
2025-05-30,5.964970551808335e-05
2025-06-03,5.964970551808335e-05
2025-06-04,5.964970551808335e-05
2025-06-05,5.964970551808335e-05
2025-06-06,5.964970551808335e-05
2025-06-09,5.964970551808335e-05
2025-06-10,5.964970551808335e-05
2025-06-11,5.964970551808335e-05
2025-06-12,5.964970551808335e-05
2025-06-13,5.964970551808335e-05
2025-06-16,5.964970551808335e-05
2025-06-17,5.964970551808335e-05
2025-06-18,5.964970551808335e-05
2025-06-19,5.964970551808335e-05
2025-06-20,5.964970551808335e-05
2025-06-23,5.964970551808335e-05
2025-06-24,5.964970551808335e-05
2025-06-25,5.964970551808335e-05
2025-06-26,5.964970551808335e-05
2025-06-27,5.964970551808335e-05
2025-06-30,5.964970551808335e-05
2025-07-01,5.477933596953477e-05
2025-07-02,5.477933596953477e-05
2025-07-03,5.477933596953477e-05
2025-07-04,5.477933596953477e-05
2025-07-07,5.477933596953477e-05
2025-07-08,5.477933596953477e-05
2025-07-09,5.477933596953477e-05
2025-07-10,5.477933596953477e-05
2025-07-11,5.477933596953477e-05
2025-07-14,5.477933596953477e-05
2025-07-15,5.477933596953477e-05
2025-07-16,5.477933596953477e-05
2025-07-17,5.477933596953477e-05
2025-07-18,5.477933596953477e-05
2025-07-21,5.477933596953477e-05
2025-07-22,5.477933596953477e-05
2025-07-23,5.477933596953477e-05
2025-07-24,5.477933596953477e-05
2025-07-25,5.477933596953477e-05
2025-07-28,5.477933596953477e-05
2025-07-29,5.477933596953477e-05
2025-07-30,5.477933596953477e-05
2025-07-31,5.477933596953477e-05
2025-08-01,5.640343035073769e-05
2025-08-04,5.640343035073769e-05
2025-08-05,5.640343035073769e-05
2025-08-06,5.640343035073769e-05
2025-08-07,5.640343035073769e-05
2025-08-08,5.640343035073769e-05
2025-08-11,5.640343035073769e-05
2025-08-12,5.640343035073769e-05
2025-08-13,5.640343035073769e-05
2025-08-14,5.640343035073769e-05
2025-08-15,5.640343035073769e-05
2025-08-18,5.640343035073769e-05
2025-08-19,5.640343035073769e-05
2025-08-20,5.640343035073769e-05
2025-08-21,5.640343035073769e-05
2025-08-22,5.640343035073769e-05
2025-08-25,5.640343035073769e-05
2025-08-26,5.640343035073769e-05
2025-08-27,5.640343035073769e-05
2025-08-28,5.640343035073769e-05
2025-08-29,5.640343035073769e-05
2025-09-01,5.599746659057381e-05
2025-09-02,5.599746659057381e-05
2025-09-03,5.599746659057381e-05
2025-09-04,5.599746659057381e-05
2025-09-05,5.599746659057381e-05
2025-09-08,5.599746659057381e-05
2025-09-09,5.599746659057381e-05
2025-09-10,5.599746659057381e-05
2025-09-11,5.599746659057381e-05
2025-09-12,5.599746659057381e-05
2025-09-15,5.599746659057381e-05
2025-09-16,5.599746659057381e-05
2025-09-17,5.599746659057381e-05
2025-09-18,5.599746659057381e-05
2025-09-19,5.599746659057381e-05
2025-09-22,5.599746659057381e-05
2025-09-23,5.599746659057381e-05
2025-09-24,5.599746659057381e-05
2025-09-25,5.599746659057381e-05
2025-09-26,5.599746659057381e-05
2025-09-29,5.599746659057381e-05
2025-09-30,5.599746659057381e-05
2025-10-09,5.599746659057381e-05
2025-10-10,5.599746659057381e-05
2025-10-13,5.599746659057381e-05
2025-10-14,5.599746659057381e-05
2025-10-15,5.599746659057381e-05
2025-10-16,5.599746659057381e-05
2025-10-17,5.599746659057381e-05
2025-10-20,5.599746659057381e-05
2025-10-21,5.599746659057381e-05
2025-10-22,5.599746659057381e-05
2025-10-23,5.599746659057381e-05
2025-10-24,5.599746659057381e-05
2025-10-27,5.599746659057381e-05
2025-10-28,5.599746659057381e-05
2025-10-29,5.599746659057381e-05
2025-10-30,5.599746659057381e-05
2025-10-31,5.599746659057381e-05
2025-11-03,5.640343035073769e-05
2025-11-04,5.640343035073769e-05
2025-11-05,5.640343035073769e-05
2025-11-06,5.640343035073769e-05
2025-11-07,5.640343035073769e-05
2025-11-10,5.640343035073769e-05
2025-11-11,5.640343035073769e-05
2025-11-12,5.640343035073769e-05
2025-11-13,5.640343035073769e-05
2025-11-14,5.640343035073769e-05
2025-11-17,5.640343035073769e-05
2025-11-18,5.640343035073769e-05
2025-11-19,5.640343035073769e-05
2025-11-20,5.640343035073769e-05
2025-11-21,5.640343035073769e-05
2025-11-24,5.640343035073769e-05
2025-11-25,5.640343035073769e-05
2025-11-26,5.640343035073769e-05
2025-11-27,5.640343035073769e-05
2025-11-28,5.640343035073769e-05
2025-12-01,5.721523824786523e-05
2025-12-02,5.721523824786523e-05
2025-12-03,5.721523824786523e-05
2025-12-04,5.721523824786523e-05
2025-12-05,5.721523824786523e-05
2025-12-08,5.721523824786523e-05
2025-12-09,5.721523824786523e-05
2025-12-10,5.721523824786523e-05
2025-12-11,5.721523824786523e-05
2025-12-12,5.721523824786523e-05
2025-12-15,5.721523824786523e-05
2025-12-16,5.721523824786523e-05
2025-12-17,5.721523824786523e-05
2025-12-18,5.721523824786523e-05
2025-12-19,5.721523824786523e-05
2025-12-22,5.721523824786523e-05
2025-12-23,5.721523824786523e-05
2025-12-24,5.721523824786523e-05
2025-12-25,5.721523824786523e-05
2025-12-26,5.721523824786523e-05
2025-12-29,5.721523824786523e-05
2025-12-30,5.721523824786523e-05
2025-12-31,5.721523824786523e-05
2026-01-05,5.477933596953477e-05
2026-01-06,5.477933596953477e-05
2026-01-07,5.477933596953477e-05
2026-01-08,5.477933596953477e-05
2026-01-09,5.477933596953477e-05
2026-01-12,5.477933596953477e-05
2026-01-13,5.477933596953477e-05
2026-01-14,5.477933596953477e-05
2026-01-15,5.477933596953477e-05
2026-01-16,5.477933596953477e-05
2026-01-19,5.477933596953477e-05
2026-01-20,5.477933596953477e-05
2026-01-21,5.477933596953477e-05
2026-01-22,5.477933596953477e-05
2026-01-23,5.477933596953477e-05
2026-01-26,5.477933596953477e-05
2026-01-27,5.477933596953477e-05
2026-01-28,5.477933596953477e-05
2026-01-29,5.477933596953477e-05
2026-01-30,5.477933596953477e-05
2026-02-02,5.315460305310715e-05
2026-02-03,5.315460305310715e-05
2026-02-04,5.315460305310715e-05
2026-02-05,5.315460305310715e-05
2026-02-06,5.315460305310715e-05
2026-02-09,5.315460305310715e-05
2026-02-10,5.315460305310715e-05
2026-02-11,5.315460305310715e-05
2026-02-12,5.315460305310715e-05
2026-02-13,5.315460305310715e-05
2026-02-24,5.315460305310715e-05
2026-02-25,5.315460305310715e-05
2026-02-26,5.315460305310715e-05
2026-02-27,5.315460305310715e-05
2026-03-02,5.396704935978214e-05
2026-03-03,5.396704935978214e-05
2026-03-04,5.396704935978214e-05
2026-03-05,5.396704935978214e-05
2026-03-06,5.396704935978214e-05
2026-03-09,5.396704935978214e-05
2026-03-10,5.396704935978214e-05
2026-03-11,5.396704935978214e-05
2026-03-12,5.396704935978214e-05
2026-03-13,5.396704935978214e-05
2026-03-16,5.396704935978214e-05
2026-03-17,5.396704935978214e-05
2026-03-18,5.396704935978214e-05
2026-03-19,5.396704935978214e-05
2026-03-20,5.396704935978214e-05
2026-03-23,5.396704935978214e-05
2026-03-24,5.396704935978214e-05
2026-03-25,5.396704935978214e-05
2026-03-26,5.396704935978214e-05
2026-03-27,5.396704935978214e-05
2026-03-30,5.396704935978214e-05
2026-03-31,5.396704935978214e-05
2026-04-01,4.990321960085531e-05
2026-04-02,4.990321960085531e-05
2026-04-03,4.990321960085531e-05
2026-04-07,4.990321960085531e-05
2026-04-08,4.990321960085531e-05
2026-04-09,4.990321960085531e-05
2026-04-10,4.990321960085531e-05
2026-04-13,4.990321960085531e-05
2026-04-14,4.990321960085531e-05
2026-04-15,4.990321960085531e-05
2026-04-16,4.990321960085531e-05
2026-04-17,4.990321960085531e-05
2026-04-20,4.990321960085531e-05
2026-04-21,4.990321960085531e-05
2026-04-22,4.990321960085531e-05
2026-04-23,4.990321960085531e-05
2026-04-24,4.990321960085531e-05
2026-04-27,4.990321960085531e-05
2026-04-28,4.990321960085531e-05
2026-04-29,4.990321960085531e-05
2026-04-30,4.990321960085531e-05
2026-05-06,4.7463002109005004e-05
2026-05-07,4.7463002109005004e-05
2026-05-08,4.7463002109005004e-05
2026-05-11,4.7463002109005004e-05
2026-05-12,4.7463002109005004e-05
2026-05-13,4.7463002109005004e-05
2026-05-14,4.7463002109005004e-05
2026-05-15,4.7463002109005004e-05
2026-05-18,4.7463002109005004e-05
2026-05-19,4.7463002109005004e-05
2026-05-20,4.7463002109005004e-05
2026-05-21,4.7463002109005004e-05
2026-05-22,4.7463002109005004e-05
2026-05-25,4.7463002109005004e-05
2026-05-26,4.7463002109005004e-05
2026-05-27,4.7463002109005004e-05
2026-05-28,4.7463002109005004e-05
2026-05-29,4.7463002109005004e-05
2026-06-01,4.7463002109005004e-05
2026-06-02,4.7463002109005004e-05
2026-06-03,4.7463002109005004e-05
2026-06-04,4.7463002109005004e-05
2026-06-05,4.7463002109005004e-05
2026-06-08,4.7463002109005004e-05
2026-06-09,4.7463002109005004e-05
2026-06-10,4.7463002109005004e-05
2026-06-11,4.7463002109005004e-05
2026-06-12,4.7463002109005004e-05
2026-06-15,4.7463002109005004e-05
2026-06-16,4.7463002109005004e-05
2026-06-17,4.7463002109005004e-05
2026-06-18,4.7463002109005004e-05
2026-06-22,4.7463002109005004e-05
2026-06-23,4.7463002109005004e-05
2026-06-24,4.7463002109005004e-05
2026-06-25,4.7463002109005004e-05
2026-06-26,4.7463002109005004e-05
2026-06-29,4.7463002109005004e-05
2026-06-30,4.7463002109005004e-05
2026-07-01,4.583538954694433e-05
2026-07-02,4.583538954694433e-05
2026-07-03,4.583538954694433e-05
2026-07-06,4.583538954694433e-05
2026-07-07,4.583538954694433e-05
2026-07-08,4.583538954694433e-05
2026-07-09,4.583538954694433e-05
2026-07-10,4.583538954694433e-05
2026-07-13,4.583538954694433e-05
2026-07-14,4.583538954694433e-05
2026-07-15,4.583538954694433e-05
2026-07-16,4.583538954694433e-05
2026-07-17,4.583538954694433e-05
2026-07-20,4.583538954694433e-05
2026-07-21,4.583538954694433e-05
2026-07-22,4.583538954694433e-05
2026-07-23,4.583538954694433e-05
2026-07-24,4.583538954694433e-05
2026-07-27,4.583538954694433e-05
2026-07-28,4.583538954694433e-05
2026-07-29,4.583538954694433e-05
2026-07-30,4.583538954694433e-05
2026-07-31,4.583538954694433e-05
2026-08-03,4.7056159063751934e-05
2026-08-04,4.7056159063751934e-05
2026-08-05,4.7056159063751934e-05
2026-08-06,4.7056159063751934e-05
2026-08-07,4.7056159063751934e-05
2026-08-10,4.7056159063751934e-05
2026-08-11,4.7056159063751934e-05
2026-08-12,4.7056159063751934e-05
2026-08-13,4.7056159063751934e-05
2026-08-14,4.7056159063751934e-05
2026-08-17,4.7056159063751934e-05
2026-08-18,4.7056159063751934e-05
2026-08-19,4.7056159063751934e-05
2026-08-20,4.7056159063751934e-05
2026-08-21,4.7056159063751934e-05
2026-08-24,4.7056159063751934e-05
2026-08-25,4.7056159063751934e-05
2026-08-26,4.7056159063751934e-05
2026-08-27,4.7056159063751934e-05
2026-08-28,4.7056159063751934e-05
2026-08-31,4.7056159063751934e-05
